record_id,processid,bin_uri,specimen_identifiers/sampleid,specimen_identifiers/fieldnum,specimen_identifiers/institution_storing,taxonomy/phylum/taxon/taxID,taxonomy/phylum/taxon/name,taxonomy/class/taxon/taxID,taxonomy/class/taxon/name,taxonomy/order/taxon/taxID,taxonomy/order/taxon/name,taxonomy/family/taxon/taxID,taxonomy/family/taxon/name,taxonomy/subfamily/taxon/taxID,taxonomy/subfamily/taxon/name,taxonomy/genus/taxon/taxID,taxonomy/genus/taxon/name,taxonomy/species/taxon/taxID,taxonomy/species/taxon/name,collection_event/collectors,collection_event/collectiondate,collection_event/coordinates/lat,collection_event/coordinates/lon,collection_event/coordinates/coord_source,collection_event/coordinates/coord_accuracy,collection_event/region,collection_event/exactsite,collection_event/country,sequences/sequence/sequenceID,sequences/sequence/markercode,sequences/sequence/genbank_accession,sequences/sequence/nucleotides,notes,specimen_identifiers/catalognum,specimen_details/voucher_type,specimen_details/voucher_desc,specimen_details/tissue_type,taxonomy/identification_provided_by,specimen_details/reproduction,specimen_details/sex,specimen_details/extrainfo,specimen_details/lifestage,collection_event/province,taxonomy/subspecies/taxon/taxID,taxonomy/subspecies/taxon/name
1575414,AADBE048-10,BOLD:AAA8371,AAD-57591,2948-Gardener Island Reef-4310-T.bernachii,Australian Antarctic Division,18,Chordata,77,Actinopterygii,244,Perciformes,692,Nototheniidae,747067,Trematominae,59342,Trematomus,503514,Trematomus bernacchii,AAD Dive Team,2010-03-04,-68.548,77.99,,,"Australian Antarctic Territory, Prince Elizabeth Land",Davis-Gardener Island Reef,Antarctica,3717940,COI-5P,HQ918326,-ACTCTTTACTTAATCTTCGGCGCTTGGGCCGGGATAGTAGGAACAGCCCTTAGCCTGCTCATTCGAGCAGAACTTAGTCAACCCGGCGCCCTGTTGGGGGATGACCAAATTTATAATGTAATTGTTACCGCTCATGCCTTTGTAATAATCTTCTTTATGGTGATGCCAATTATAATCGGAGGTTTTGGAAATTGACTTATCCCCCTTATGATTGGGGCTCCTGACATGGCTTTTCCTCGAATAAATAATATGAGCTTTTGGCTCTTGCCACCCTCTTTTCTGCTCTTGCTAGCTTCGTCAGGTGTTGAGGCTGGGGCAGGGACCGGGTGGACTGTCTACCCTCCCCTTTCTGGAAATTTAGCCCATGCAGGGGGTTCCGTTGATTTAACTATTTTTTCTCTACATTTAGCAGGCATCTCTTCTATTTTAGGAGCAATTAATTTTATTACAACAATTATCAACATGAAGCCCCCTGCTATCTCTCAGTACCAGACCCCTTTGTTCGTGTGGTCTGTGTTAATTACTGCTGTTCTTCTACTTCTTTCACTTCCTGTTCTAGCTGCTGGTATTACTATACTTCTTACGGACCGAAATCTTAACACCACCTTCTTTGATCCTGCAGGAGGGGGGGACCCCATCCTTTACCAACATCTCTT-,"<![CDATA[T.bernachii, TL=209, female, TBEl-25 barcoding]]>",,,,,,,,,,,,
1575416,AADBE050-10,BOLD:AAA8371,AAD-57883,TRENZ - GARDNER IS - 040310- T. Bernachii,Australian Antarctic Division,18,Chordata,77,Actinopterygii,244,Perciformes,692,Nototheniidae,747067,Trematominae,59342,Trematomus,503514,Trematomus bernacchii,AAD Dive Team,2010-03-04,-68.578,77.87,,,"Australian Antarctic Territory, Prince Elizabeth Land",Davis-Gardener Island,Antarctica,3717941,COI-5P,HQ918327,-ACTCTTTACTTAATCTTCGGCGCTTGGGCCGGGATAGTAGGAACAGCCCTTAGCCTGCTCATTCGAGCAGAACTTAGTCAACCCGGCGCCCTGTTGGGGGATGACCAAATTTATAATGTAATTGTTACCGCTCATGCCTTTGTAATAATCTTCTTTATGGTGATGCCAATTATAATCGGAGGTTTTGGAAATTGACTTATCCCCCTTATGATTGGGGCTCCTGACATGGCTTTTCCTCGAATAAATAATATGAGCTTTTGGCTCTTGCCACCCTCTTTTCTGCTCTTGCTAGCTTCGTCAGGTGTTGAGGCTGGGGCAGGGACCGGGTGGACTGTCTACCCTCCCCTTTCTGGAAATTTAGCCCATGCAGGGGGTTCCGTTGATTTAACTATTTTTTCTCTACATTTAGCAGGCATCTCTTCTATTTTAGGAGCAATTAATTTTATTACAACAATTATCAACATGAAGCCCCCTGCTATCTCTCAGTACCAGACCCCTTTGTTCGTGTGGTCTGTGTTAATTACTGCTGTTCTTCTACTTCTTTCACTTCCTGTTCTAGCTGCTGGTATTACTATACTTCTTACGGACCGAAATCTTAACACCWCCTTCTTTGATCCTGCAGGAGGGGGGGACCCCATCCTTTACCAACATCTCTT-,<![CDATA[T. BERNACHII  TL=170 female (TBEI-23)]]>,,,,,,,,,,,,
1575417,AADBE051-10,BOLD:AAA8371,AAD-57884,TRENZ - GARDNER IS - 040310- T. Bernachii,Australian Antarctic Division,18,Chordata,77,Actinopterygii,244,Perciformes,692,Nototheniidae,747067,Trematominae,59342,Trematomus,503514,Trematomus bernacchii,AAD Dive Team,2010-03-04,-68.578,77.87,,,"Australian Antarctic Territory, Prince Elizabeth Land",Davis-Gardener Island,Antarctica,3717942,COI-5P,HQ918328,-ACTCTTTACTTAATCTTCGGCGCTTGGGCCGGGATAGTAGGAACAGCCCTTAGCCTGCTCATTCGAGCAGAACTTAGTCAACCCGGCGCCCTGTTGGGGGATGACCAAATTTATAATGTAATTGTTACCGCTCATGCCTTTGTAATAATCTTCTTTATGGTGATGCCAATTATAATCGGAGGTTTTGGAAATTGACTTATCCCCCTTATGATTGGGGCTCCTGACATGGCTTTTCCTCGAATAAATAATATGAGCTTTTGGCTCTTGCCACCCTCTTTTCTGCTCTTGCTAGCTTCGTCAGGTGTTGAGGCTGGGGCAGGGACCGGGTGGACTGTCTACCCTCCCCTTTCTGGAAATTTAGCCCATGCAGGGGGTTCCGTTGATTTAACTATTTTTTCTCTACATTTAGCAGGCATCTCTTCTATTTTAGGAGCAATTAATTTTATTACAACAATTATCAACATGAAGCCCCCTGCTATCTCTCAGTACCAGACCCCTTTGTTCGTGTGGTCTGTGTTAATTACTGCTGTTCTTCTACTTCTTTCACTTCCTGTTCTAGCTGCTGGTATTACTATACTTCTTACGGACCGAAATCTTAACACCACCTTCTTTGATCCTGCAGGAGGGGGGGACCCCATCCTTTACCAACATCTCTT-,<![CDATA[T. BERNACHII  TL=230 FEMALE (TBEI-22)]]>,,,,,,,,,,,,
1575418,AADBE052-10,BOLD:AAA8371,AAD-57886,TRENZ - GARDNER IS - 040310- T. Bernachii,Australian Antarctic Division,18,Chordata,77,Actinopterygii,244,Perciformes,692,Nototheniidae,747067,Trematominae,59342,Trematomus,503514,Trematomus bernacchii,AAD Dive Team,2010-03-04,-68.578,77.87,,,"Australian Antarctic Territory, Prince Elizabeth Land",Davis-Gardener Island,Antarctica,3717943,COI-5P,HQ918329,-ACTCTTTACTTAATCTTCGGCGCTTGGGCCGGGATAGTAGGAACAGCCCTTAGCCTGCTCATTCGAGCAGAACTTAGTCAACCCGGCGCCCTGTTGGGGGATGACCAAATTTATAATGTAATTGTTACCGCTCATGCCTTTGTAATAATCTTCTTTATGGTGATGCCAATTATAATCGGAGGTTTTGGAAATTGACTTATCCCCCTTATGATTGGGGCCCCTGACATGGCTTTTCCTCGAATAAATAATATGAGCTTTTGGCTCTTGCCACCCTCTTTTCTGCTCTTGCTAGCTTCGTCAGGTGTTGAGGCTGGGGCAGGGACCGGGTGGACTGTCTACCCTCCCCTTTCTGGAAATTTAGCCCATGCAGGGGGTTCCGTTGATTTAACTATTTTTTCTCTACATTTAGCAGGCATCTCTTCTATTTTAGGAGCAATTAATTTTATTACAACAATTATCAACATGAAGCCCCCTGCTATCTCTCAGTACCAAACCCCTTTGTTCGTGTGGTCTGTGTTAATTACTGCTGTTCTTCTACTTCTTTCACTTCCTGTTCTAGCTGCTGGTATTACTATACTTCTTACGGACCGAAATCTTAACACCACCTTCTTTGATCCTGCAGGAGGGGGGGACCCCATCCTTTACCAACATCTCTT-,<![CDATA[T. BERNACHII  TL=137 (TBEI-21)]]>,,,,,,,,,,,,
1575421,AADBE055-10,BOLD:AAA8371,AAD-57914,TRENZBAR-LakeIsReef-10310-TrematomusTissue,Australian Antarctic Division,18,Chordata,77,Actinopterygii,244,Perciformes,692,Nototheniidae,747067,Trematominae,59342,Trematomus,503514,Trematomus bernacchii,AAD Dive Team,2010-03-10,-68.548,77.99,,,"Australian Antarctic Territory, Prince Elizabeth Land",Davis-Lake Island Reef,Antarctica,3717944,COI-5P,HQ918330,-ACTCTTTACTTAATCTTCGGCGCTTGGGCCGGGATAGTAGGAACAGCCCTTAGCCTGCTCATTCGAGCAGAACTTAGTCAACCCGGCGCCCTGTTGGGGGATGACCAAATTTATAATGTAATTGTTACCGCTCATGCCTTTGTAATAATCTTCTTTATGGTGATGCCAATTATAATCGGAGGTTTTGGAAATTGACTTATCCCCCTTATGATTGGGGCCCCTGACATGGCTTTTCCTCGAATAAATAATATGAGCTTTTGGCTCTTGCCACCCTCTTTTCTGCTCTTGCTAGCTTCGTCAGGTGTTGAGGCTGGGGCAGGGACCGGGTGGACTGTCTACCCTCCCCTTTCTGGAAATTTAGCCCATGCAGGGGGTTCCGTTGATTTAACTATTTTTTCTCTACATTTAGCAGGCATCTCTTCTATTTTAGGAGCAATTAATTTTATTACAACAATTATCAACATGAAGCCCCCTGCTATCTCTCAGTACCAAACCCCTTTGTTCGTGTGGTCTGTGTTAATTACTGCTGTTCTTCTACTTCTTTCACTTCCTGTTCTAGCTGCTGGTATTACTATACTTCTTACGGACCGAAATCTTAACACCACCTTCTTTGATCCTGCAGGAGGGGGGGACCCCATCCTTTACCAACATCTCTT-,"<![CDATA[D T. bernacchii, TL = 182, female,  long line caught, TBE3-2]]>",,,,,,,,,,,,
1575422,AADBE056-10,BOLD:AAA8371,AAD-57932,TRENZBAR-LakeIsReef-10310-TrematomusTissue,Australian Antarctic Division,18,Chordata,77,Actinopterygii,244,Perciformes,692,Nototheniidae,747067,Trematominae,59342,Trematomus,503514,Trematomus bernacchii,AAD Dive Team,2010-03-10,-68.548,77.99,,,"Australian Antarctic Territory, Prince Elizabeth Land",Davis-Lake Island Reef,Antarctica,3717945,COI-5P,HQ918331,-ACTCTTTACTTAATCTTCGGCGCTTGGGCCGGGATAGTAGGAACAGCCCTTAGCCTGCTCATTCGAGCAGAACTTAGTCAACCCGGCGCCCTGTTGGGGGATGACCAAATTTATAATGTAATTGTTACCGCTCATGCCTTTGTAATAATCTTCTTTATGGTGATGCCAATTATAATCGGAGGTTTTGGAAATTGACTTATCCCCCTTATGATTGGGGCTCCTGACATGGCTTTTCCTCGAATAAATAATATGAGCTTTTGGCTCTTGCCACCCTCTTTTCTGCTCTTGCTAGCTTCGTCAGGTGTTGAGGCTGGGGCAGGGACCGGGTGGACTGTCTACCCTCCCCTTTCTGGAAATTTAGCCCATGCAGGGGGTTCCGTTGATTTAACTATTTTTTCTCTACATTTAGCAGGCATCTCTTCTATTTTAGGAGCAATTAATTTTATTACAACAATTATCAACATGAAGCCCCCTGCTATCTCTCAGTACCAGACCCCTTTGTTCGTGTGGTCTGTGTTAATTACTGCTGTTCTTCTACTTCTTTCACTTCCTGTTCTAGCTGCTGGTATTACTATACTTCTTACGGACCGAAATCTTAACACCACCTTCTTTGATCCTGCAGGAGGGGGGGACCCCATCCTTTACCAACATCTCTT-,"<![CDATA[T. bernacchii, TL = 198, female, TBE3-1]]>",,,,,,,,,,,,
1575423,AADBE057-10,BOLD:AAA8371,AAD-57942,TRENZBAR-LakeIsReef-10310-TrematomusTissue,Australian Antarctic Division,18,Chordata,77,Actinopterygii,244,Perciformes,692,Nototheniidae,747067,Trematominae,59342,Trematomus,503514,Trematomus bernacchii,AAD Dive Team,2010-03-10,-68.548,77.99,,,"Australian Antarctic Territory, Prince Elizabeth Land",Davis-Lake Island Reef,Antarctica,3717946,COI-5P,HQ918332,-ACTCTTTACTTAATCTTCGGCGCTTGGGCCGGGATAGTAGGAACAGCCCTTAGCCTGCTCATTCGAGCAGAACTTAGTCAACCCGGCGCCCTGTTGGGGGATGACCAAATTTATAATGTAATTGTTACCGCTCATGCCTTTGTAATAATCTTCTTTATGGTGATGCCAATTATAATCGGAGGTTTTGGAAATTGACTTATCCCCCTTATGATTGGGGCCCCTGACATGGCTTTTCCTCGAATAAATAATATGAGCTTTTGGCTCTTGCCACCCTCTTTTCTGCTCTTGCTAGCTTCGTCAGGTGTTGAGGCTGGGGCAGGGACCGGGTGGACTGTCTACCCTCCCCTTTCTGGAAATTTAGCCCATGCAGGGGGTTCCGTTGATTTAACTATTTTTTCTCTACATTTAGCAGGCATCTCTTCTATTTTAGGAGCAATTAATTTTATTACAACAATTATCAACATGAAGCCCCCTGCTATCTCTCAGTACCAAACCCCTTTGTTCGTGTGGTCTGTGTTAATTACTGCTGTTCTTCTACTTCTTTCACTTCCTGTTCTAGCTGCTGGTATTACTATACTTCTTACGGACCGAAATCTTAACACCACCTTCTTTGATCCTGCAGGAGGGGGGGACCCCATCCTTTACCAACATCTCTT-,"<![CDATA[T. bernacchii, TL = 189, male,  long line caught, TBE3-4]]>",,,,,,,,,,,,
1575424,AADBE058-10,BOLD:AAA8371,AAD-57946,TRENZBAR-LakeIsReef-10310-TrematomusTissue,Australian Antarctic Division,18,Chordata,77,Actinopterygii,244,Perciformes,692,Nototheniidae,747067,Trematominae,59342,Trematomus,503514,Trematomus bernacchii,AAD Dive Team,2010-03-10,-68.548,77.99,,,"Australian Antarctic Territory, Prince Elizabeth Land",Davis-Lake Island Reef,Antarctica,3717947,COI-5P,HQ918333,-ACTCTTTACTTAATCTTCGGCGCTTGGGCCGGGATAGTAGGAACAGCCCTTAGCCTGCTCATTCGAGCAGAACTTAGTCAACCCGGCGCCCTGTTGGGGGATGACCAAATTTATAATGTAATTGTTACCGCTCATGCCTTTGTAATAATCTTCTTTATGGTGATGCCAATTATAATCGGAGGTTTTGGAAATTGACTTATCCCCCTTATGATTGGGGCCCCTGACATGGCTTTTCCTCGAATAAATAATATGAGCTTTTGGCTCTTGCCACCCTCTTTTCTGCTCTTGCTAGCTTCGTCAGGTGTTGAGGCTGGGGCAGGGACCGGGTGGACTGTCTACCCTCCCCTTTCTGGAAATTTAGCCCATGCAGGGGGTTCCGTTGATTTAACTATTTTTTCTCTACATTTAGCAGGCATCTCTTCTATTTTAGGAGCAATTAATTTTATTACAACAATTATCAACATGAAGCCCCCTGCTATCTCTCAGTACCAAACCCCTTTGTTCGTGTGGTCTGTGTTAATTACTGCTGTTCTTCTACTTCTTTCACTTCCTGTTCTAGCTGCTGGTATTACTATACTTCTTACGGACCGAAATCTTAACACCACCTTCTTTGATCCTGCAGGAGGGGGGGACCCCATCCTTTACCAACATCTCTT-,"<![CDATA[T. bernacchii, TL = 214, male,  long line caught, TBE3-3]]>",,,,,,,,,,,,
1575425,AADBE059-10,BOLD:AAA8371,AAD-57949,TRENZBAR-LakeIsReef-10310-TrematomusTissue,Australian Antarctic Division,18,Chordata,77,Actinopterygii,244,Perciformes,692,Nototheniidae,747067,Trematominae,59342,Trematomus,503514,Trematomus bernacchii,AAD Dive Team,2010-03-10,-68.548,77.99,,,"Australian Antarctic Territory, Prince Elizabeth Land",Davis-Lake Island Reef,Antarctica,3717948,COI-5P,HQ918334,-ACTCTTTACTTAATCTTCGGCGCTTGGGCCGGGATAGTAGGAACAGCCCTTAGCCTGCTCATTCGAGCAGAACTTAGTCAACCCGGCGCCCTGTTGGGGGATGACCAAATTTATAATGTAATTGTTACCGCTCATGCCTTTGTAATAATCTTCTTTATGGTGATGCCAATTATAATCGGAGGTTTTGGAAATTGACTTATCCCCCTTATGATTGGGGCTCCTGACATGGCTTTTCCTCGAATAAATAATATGAGCTTTTGGCTCTTGCCACCCTCTTTTCTGCTCTTGCTAGCTTCGTCAGGTGTTGAGGCTGGGGCAGGGACCGGGTGGACTGTCTACCCTCCCCTTTCTGGAAATTTAGCCCATGCAGGGGGTTCCGTTGATTTAACTATTTTTTCTCTACATTTAGCAGGCATCTCTTCTATTTTAGGAGCAATTAATTTTATTACAACAATTATCAACATGAAGCCCCCTGCTATCTCTCAGTACCAGACCCCTTTGTTCGTGTGGTCTGTGTTAATTACTGCTGTTCTTCTACTTCTTTCACTTCCTGTTCTAGCTGCTGGTATTACTATACTTCTTACGGACCGAAATCTTAACACCACCTTCTTTGATCCTGCAGGAGGGGGGGACCCCATCCTTTACCAACATCTCTT-,"<![CDATA[T. bernacchii, TL = 147, female, long line caught, TBE3-6]]>",,,,,,,,,,,,
1575428,AADBE062-10,BOLD:ACF1502,AAD-57898,TRENZ-STP9-4-3-10-C.hamatus,Australian Antarctic Division,18,Chordata,77,Actinopterygii,244,Perciformes,59323,Channichthyidae,,,59349,Chionodraco,159610,Chionodraco hamatus,AAD Dive Team,2010-03-04,-68.583,77.919,,,"Australian Antarctic Territory, Prince Elizabeth Land",Davis-STP09,Antarctica,3717950,COI-5P,HQ918335,-ACCCTCTACTTAATCTTCGGCGCTTGGGCCGGGATAGTGGGCACCGCCCTTAGCCTGCTCATTCGAGCAGAACTTAGCCAGCCTGGCGCCCTATTGGGGGACGACCAAATTTATAACGTGATTGTTACCGCTCATGCCTTCGTAATAATTTTCTTTATAGTTATACCCATTATAATCGGAGGCTTTGGAAACTGGCTCATCCCCCTAATGATCGGGGCCCCAGACATAGCCTTCCCCCGAATAAACAACATAAGCTTCTGACTCCTCCCTCCCTCCTTCCTCCTATTATTAGCGTCTTCAGGCGTGGAGGCCGGAGCAGGCACGGGGTGAACCGTGTACCCCCCGCTATCTGGGAACTTAGGCCACGCAGGTGCCTCCGTTGATTTAACTATTTTCTCCCTGCATTTAGCTGGCATTTCTTCTATCTTAGGCGCAATTAACTTTATCACAACAATTATCAACATGAAGCCTCCCGCCATCTCTCAATACCAAACACCCCTCTTCGTGTGGGCAGTCTTAATTACTGCTGTTCTTTTGCTTCTCTCACTTCCTGTGCTAGCTGCCGGCATCACCATACTCCTCACAGACCGAAACCTTAACACCACCTTCTTTGACCCGGCCGGAGGAGGAGACCCCATCCTTTACCAACACCTCTT-,<![CDATA[TL=380: male: Whole fish]]>,,,,,,,,,,,,
1575429,AADBE063-10,BOLD:AAA8371,AAD-57935,TRENZ-BAR-STP06-8310-Trematomus-barcoding,Australian Antarctic Division,18,Chordata,77,Actinopterygii,244,Perciformes,692,Nototheniidae,747067,Trematominae,59342,Trematomus,,,AAD Dive Team,2010-03-08,-68.581,77.943,,,"Australian Antarctic Territory, Prince Elizabeth Land",Davis-STP06,Antarctica,3717951,COI-5P,HQ918336-SUPPRESSED,-ACTCTTTACTTAATCTTCGGCGCTTGGGCCGGGATAGTAGGAACAGCCCTTAGCCTGCTCATTCGAGCAGAACTTAGTCAACCCGGCGCCCTGTTGGGGGATGACCAAATTTATAATGTAATTGTTACCGCTCATGCCTTTGTAATAATCTTCTTTATGGTGATGCCAATTATAATCGGAGGTTTTGGAAATTGACTTATCCCCCTTATGATTGGGGCTCCTGACATGGCTTTTCCTCGAATAAATAATATGAGCTTTTGGCTCTTGCCACCCTCTTTTCTGCTCTTGCTAGCTTCGTCAGGTGTTGAGGCTGGGGCAGGGACCGGGTGGACTGTCTACCCTCCCCTTTCTGGAAATTTAGCCCATGCAGGGGGTTCCGTTGATTTAACTATTTTTTCTCTACATTTAGCAGGCATCTCTTCTATTTTAGGAGCAATTAATTTTATTACAACAATTATCAACATGAAGCCCCCTGCTATCTCTCAGTACCAAACCCCTTTGTTCGTGTGGTCTGTGTTAATTACTGCTGTTCTTCTACTTCTTTCACTTCCTGTTCTAGCTGCTGGTATTACTATACTTCTTACGGACCGAAATCTTAACACCACCTTCTTTGATCCTGCAGGAGGGGGGGACCCCATCCTTTACCAACATCTCTT-,"<![CDATA[tissue Trematomus sp. - TL = 232, female - REFSPEC 155]]>",,,,,,,,,,,,
15531979,AASTR001-22,BOLD:AAB8227,P_man_3_1.97,P_man_3_1.97,"Museum of Southwestern Biology, Division of Parasitology",18,Chordata,77,Actinopterygii,747035,Cichliformes,23531,Cichlidae,140362,Cichlinae,23583,Parachromis,97738,Parachromis managuensis,"Sandra Diaz Pernett, Sean Locke",2020-07-02,18.2943,-67.2009,,,Anasco,Charco en Parque Nacional Balneario 3 Hermanos,Puerto Rico,16577070,COI-5P,OP071160,AGTAGGTACCGCATTAAGCCTACTGATCCGAGCAGAACTCAGCCAACCGGGCTCTCTCCTTGGAGACGACCAGATTTATAACGTAATCGTTACTGCACACGCCTTTGTAATAATTTTCTTTATAGTTATACCCATTATGATTGGGGGTTTCGGCAACTGACTAATTCCACTCATGATTGGCGCCCCCGACATGGCCTTTCCACGAATAAACAACATGAGTTTTTGACTGCTTCCTCCCTCATTCCTCCTCCTCCTCGCCTCCTCAGGAGTTGAAGCTGGTGCTGGAACAGGGTGAACCGTTTACCCTCCACTAGCAGGCAATCTGGCACATGCTGGTCCTTCAGTTGACCTAACCATCTTCTCCCTCCACTTAGCTGGGGTCTCGTCCATTCTTGGAGCAATTAATTTCATCACCACAATTATTAACATAAAACCCCCAGCTATTTCCCAGTACCAAACCCCCCTATTTATTTGAGCACTCTTAATTACCGCCGTCCTACTCCTATTGTCCCTTCCAGTCCTTGCCGCCGGCATTACTATGCTTTTAACGGACCGGAACCTAAACACAACCTTTTTTGACCCAGCAGGGGGCGGGGACCC,,MSB:Host:24821,,,tissue in ethanol,,,,,,,,
15532013,AASTR002-22,BOLD:AAD1850,P_ret_24_1.54,P_ret_24_1.54,"Museum of Southwestern Biology, Division of Parasitology",18,Chordata,77,Actinopterygii,27399,Cyprinodontiformes,1259,Poeciliidae,23527,Poeciliinae,23529,Poecilia,89419,Poecilia reticulata,"Sandra Diaz Pernett, Sean Locke",2020-06-29,18.2125,-67.1434,,,Mayaguez,"Quebrada de Oro, UPRM campus",Puerto Rico,16577071,COI-5P,OP071161,AGTAGGAACAGCTTTAAGCCTTCTGATCCGAGCCGAACTCAGCCAACCTGGGGCCCTCCTGGGGGATGATCAAATTTATAATGTAATCGTTACAGCTCATGCCTTTGTAATAATCTTTTTTATAGTTATGCCAATCATAATCGGAGGCTTCGGTAATTGATTAGTCCCATTAATAATTGGCGCTCCTGACATGGCTTTTCCCCGAATAAATAATATAAGCTTCTGACTTTTACCACCCTCATTTCTCCTCCTCCTATCATCCTCCGGGGTGGAAGCAGGAGCCGGTACAGGATGAACTGTTTATCCCCCTCTTGCAAGCAATTTAGCCCACGCTGGACCATCCGTGGATTTAACTATTTTTTCACTTCACCTGGCAGGTATTTCTTCCATTTTAGGAGCAATTAACTTCATTACCACTATTATTAATATAAAACCCCCTGCAGCATCTCAATATCAAACACCTTTATTTGTATGATCTGTAATAATCACAGCCGTTCTCCTGCTTCTCTCCCTCCCCGTTCTAGCCGCAGGTATTACAATACTTCTTACAGACCGGAACCTAAACACCACCTTCTTCGACCCTGCGGGGGGTGGTGACCC,,MSB:Host:24820,,,tissue in ethanol,,,,,,,,
971811,ABAAP001-08,BOLD:ACE5153,ZMMU_A-4227-1,,Zoological Museum of Moscow University,18,Chordata,50,Amphibia,219,Anura,1384,Bufonidae,,,4294,Bufo,195628,Bufo verrucosissimus,Artem A. Kidov,2007-05-01,43.936,40.659,,,Mostovskiy,,Russia,2975884,COI-5P,,ACCCTGTACCTTATCTTTGGGGCCTGAGCAGGGATAGTTGGAACTGCCCTTAGCCTTCTCATTCGAGCTGAGCTGAGCCAACCAGGTTCCCTCCTAGGCGATGACCAGATCTACAATGTCATTGTTACTGCCCATGCCTTCGTCATAATTTTCTTTATGGTCATACCCATTCTAATTGGTGGTTTCGGTAATTGACTTGTTCCCTTAATAATTGGGGCCCCTGATATGGCCTTTCCTCGGATAAATAATATGAGCTTTTGGTTACTCCCACCATCATTCCTTCTCCTCCTAGCTTCCGCTGGAGTAGAAGCTGGGGCAGGAACCGGCTGAACCGTTTATCCTCCCCTAGCCGGAAATCTCGCTCACGCGGGCCCATCAGTAGACTTAACTATTTTCTCTCTGCATCTTGCAGGTGTATCATCTATTCTGGGGGCGATTAATTTTATCACCACAACCCTGAACATAAAACCCCCATCAATAACCCAGTACCAAACACCTCTATTCGTGTGATCTGTTCTAATTACCGCTGTTCTACTTCTACTTTCTCTACCAGTGCTTGCCGCAGGGATTACCATACTCCTTACCGACCGAAATTTAAATACAACATTTTTTGACCCTGCCGGAGGGGGTGATCCTATTCTATACCAACATCTCTTT,,A-4227-1,,,,Nikolay Poyarkov,S,M,Bufo,A,Krasnodarskiy Kray,,
971812,ABAAP002-08,BOLD:AAI8398,ZMMU_A-4225-1,,Zoological Museum of Moscow University,18,Chordata,50,Amphibia,219,Anura,1384,Bufonidae,,,4294,Bufo,195576,Bufo eichwaldi,"Nikolay A. Poyarkov, Artem A. Kidov",2007-03-27,38.673,48.644,,,Lerik,,Azerbaijan,2975862,COI-5P,,ACCCTGTACCTTATCTTTGGGGCCTGAGCAGGAATAGTCGGAACTGCCCTTAGCCTTCTCATTCGAGCTGAGCTGAGTCAACCAGGTTCCCTCTTAGGCGATGATCAAATTTACAACGTCATCGTTACTGCCCATGCCTTCGTCATAATTTTCTTTATAGTCATACCTATCCTAATTGGGGGCTTCGGTAATTGACTTGTCCCTTTAATAATCGGAGCCCCTGATATAGCCTTTCCCCGAATAAATAATATAAGCTTTTGACTGCTTCCACCATCATTCCTTCTCCTTCTGGCCTCCGCTGGGGTAGAAGCTGGAGCAGGGACCGGCTGAACTGTCTATCCCCCCCTGGCCGGAAACCTTGCCCACGCAGGCCCATCAGTAGACTTAACCATTTTTTCTCTACATCTTGCAGGTGTGTCATCTATTTTAGGGGCAATTAACTTTATCACCACAACCCTAAACATAAAACCTCCCTCAATAACCCAATACCAAACACCTCTGTTCGTGTGATCTGTTCTAATTACCGCTGTTCTACTTCTTCTCTCTCTACCAGTGCTTGCCGCAGGAATTACCATACTCCTTACCGACCGAAATTTAAACACAACATTTTTTGACCCTGCCGGAGGGGGTGACCCTGTTCTGTACCAACATCTCTTT,,A-4225-1,,,,Nikolay Poyarkov,S,M,Bufo,A,,,
971813,ABAAP003-08,BOLD:AAI8398,ZMMU_A-4226-1,,Zoological Museum of Moscow University,18,Chordata,50,Amphibia,219,Anura,1384,Bufonidae,,,4294,Bufo,195576,Bufo eichwaldi,Artem A. Kidov,2008-04-27,40.3921,48.6346,Coordinates from country centroid,,Astara,,Azerbaijan,2975861,COI-5P,,ACCCTGTACCTTATCTTTGGGGCCTGAGCAGGGATAGTCGGAACTGCCCTTAGCCTTCTCATTCGAGCTGAGCTGAGTCAACCAGGTTCCCTCTTAGGCGATGATCAAATTTACAACGTCATCGTTACTGCCCATGCCTTCGTCATAATTTTCTTTATAGTCATACCTATCCTAATTGGGGGCTTCGGTAATTGACTTGTCCCTTTAATAATCGGAGCCCCTGATATAGCCTTTCCCCGAATAAATAATATAAGCTTTTGACTGCTTCCACCATCATTCCTTCTCCTTCTGGCCTCCGCTGGGGTAGAAGCTGGAGCAGGGACCGGCTGAACTGTCTATCCCCCCCTGGCCGGAAACCTTGCCCACGCAGGCCCATCAGTAGACTTAACCATTTTTTCTCTACATCTTGCAGGTGTGTCATCTATTTTAGGGGCAATTAACTTTATCACCACAACCCTAAACATAAAACCTCCCTCAATAACCCAATACCAAACACCTCTGTTCGTGTGATCTGTTCTAATTACCGCTGTTCTACTTCTTCTCTCTCTACCAGTGCTTGCCGCAGGAATTACCATACTCCTTACCGACCGAAATTTAAACACAACATTTTTTGACCCTGCCGGAGGGGGTGACCCTGTTCTGTACCAACATCTCTTT,,A-4226-1,,,,Nikolay Poyarkov,S,M,Bufo,A,,,
971814,ABAAP004-08,BOLD:ACE5153,ZMMU_A-4092-1,,Zoological Museum of Moscow University,18,Chordata,50,Amphibia,219,Anura,1384,Bufonidae,,,4294,Bufo,195628,Bufo verrucosissimus,Alexandr A. Sivukhin,2006-04-02,44.53,38.23,,,Gelendzhik,,Russia,2975883,COI-5P,,ACCCTGTACCTTATCTTTGGGGCCTGAGCAGGGATAGTTGGAACTGCCCTTAGCCTTCTCATTCGAGCTGAGCTGAGCCAACCAGGTTCCCTCCTAGGCGATGACCAGATCTACAATGTCATTGTTACTGCCCATGCCTTCGTCATAATTTTCTTTATGGTCATACCCATTCTAATTGGTGGTTTCGGTAATTGACTTGTTCCCTTAATAATTGGGGCCCCTGATATGGCCTTTCCTCGGATAAATAATATGAGCTTTTGGTTACTCCCACCATCATTCCTTCTCCTCCTAGCTTCCGCTGGAGTAGAAGCTGGGGCAGGAACCGGCTGAACCGTTTATCCTCCCCTAGCCGGAAATCTCGCTCACGCGGGCCCATCAGTAGACTTAACTATTTTCTCTCTGCATCTTGCAGGTGTATCATCTATTCTGGGGGCGATTAATTTTATCACCACAACCCTGAACATAAAACCCCCATCAATAACCCAGTACCAAACACCTCTATTCGTGTGATCTGTTCTAATTACCGCTGTTCTACTTCTACTTTCTCTACCAGTGCTTGCCGCAGGGATTACCATACTCCTTACCGACCGAAATTTAAATACAACATTTTTTGACCCTGCCGGAGGGGGTGATCCTATTCTATACCAACATCTCTTT,,A-4092-1,,,,Nikolay Poyarkov,S,M,Bufo,A,Krasnodarskiy Kray,,
971815,ABAAP005-08,BOLD:ACE5153,ZMMU_A-4224-1,,Zoological Museum of Moscow University,18,Chordata,50,Amphibia,219,Anura,1384,Bufonidae,,,4294,Bufo,195628,Bufo verrucosissimus,Artem A. Kidov,2007-06-01,45.01,39.767,,,Krasnogvardeyskiy district,,Russia,2975889,COI-5P,,ACCCTGTACCTTATCTTTGGGGCCTGAGCAGGGATAGTTGGAACTGCCCTTAGCCTTCTCATTCGAGCTGAGCTGAGCCAACCAGGTTCCCTCCTAGGCGATGACCAGATCTACAATGTCATTGTTACTGCCCATGCCTTCGTCATAATTTTCTTTATGGTCATACCCATTCTAATTGGTGGTTTCGGTAATTGACTTGTTCCCTTAATAATTGGGGCCCCTGATATGGCCTTTCCTCGGATAAATAATATGAGCTTTTGGTTACTCCCACCATCATTCCTTCTCCTCCTAGCTTCCGCTGGAGTAGAAGCTGGGGCAGGAACCGGCTGAACCGTTTATCCTCCCCTAGCCGGAAATCTCGCTCACGCGGGCCCATCAGTAGACTTAACTATTTTCTCTCTGCATCTTGCAGGTGTATCATCTATTCTGGGGGCGATTAATTTTATCACCACAACCCTGAACATAAAACCCCCATCAATAACCCAGTACCAAACACCTCTATTCGTGTGATCTGTTCTAATTACCGCTGTTCTACTTCTACTTTCTCTACCAGTGCTTGCCGCAGGGATTACCATACTCCTTACCGACCGAAATTTAAATACAACATTTTTTGACCCTGCCGGAGGGGGTGATCCTATTCTATACCAACATCTCTTT,,A-4224-1,,,,Nikolay Poyarkov,S,F,Bufo,A,Adygeya Republic,,
971817,ABAAP007-08,BOLD:ACE5153,ZMMU_A-4093-1,,Zoological Museum of Moscow University,18,Chordata,50,Amphibia,219,Anura,1384,Bufonidae,,,4294,Bufo,195628,Bufo verrucosissimus,Olga S. Kochetova,2006-04-02,44.469,38.153,,,Gelendzhik,,Russia,2975882,COI-5P,,ACCCTGTACCTTATCTTTGGGGCCTGAGCAGGGATAGTTGGAACTGCCCTTAGCCTTCTCATTCGAGCTGAGCTGAGCCAACCAGGTTCCCTCCTAGGCGATGACCAGATCTACAATGTCATTGTTACTGCCCATGCCTTCGTCATAATTTTCTTTATGGTCATACCCATTCTAATTGGTGGTTTCGGTAATTGACTTGTTCCCTTAATAATTGGGGCCCCTGATATGGCCTTTCCCCGGATAAATAATATGAGCTTTTGGTTACTCCCACCATCATTCCTTCTCCTCCTAGCTTCCGCTGGAGTAGAAGCTGGGGCAGGAACCGGCTGAACCGTTTATCCTCCCCTAGCCGGAAATCTCGCTCACGCGGGCCCATCAGTAGACTTAACTATTTTCTCTCTGCATCTTGCAGGTGTATCATCTATTCTGGGGGCGATTAATTTTATCACCACAACCCTGAACATAAAACCCCCATCAATAACCCAGTACCAAACACCTCTATTCGTGTGATCTGTTCTAATTACCGCTGTTCTACTTCTACTTTCTCTACCAGTGCTTGCCGCAGGGATTACCATACTCCTTACCGACCGAAATTTAAATACAACATTTTTTGACCCTGCCGGAGGGGGTGATCCTATTCTATACCAACATCTCTTT,,A-4093-1,,,,Nikolay Poyarkov,S,M,Bufo,A,Krasnodarskiy Kray,,
971819,ABAAP009-08,BOLD:AAC2139,ZMMU_A-4219-1,,Zoological Museum of Moscow University,18,Chordata,50,Amphibia,219,Anura,1384,Bufonidae,,,4294,Bufo,101499,Bufo bufo,Anna B. Vasilyeva,2008-08-18,66.495,32.981,,,Poyakonda,,Russia,2975847,COI-5P,,ACCCTGTACCTTATCTTTGGGGCCTGAGCAGGGATAGTTGGAACTGCCCTTAGCCTTCTCATTCGAGCTGAGCTGAGCCAACCAGGTTCCCTCCTAGGCGATGACCAGATCTACAATGTCATTGTTACTGCCCATGCCTTCGTCATAATTTTCTTTATGGTCATACCCATTCTAATTGGTGGTTTCGGTAATTGACTTGTCCCCTTAATAATTGGGGCCCCTGATATAGCCTTTCCCCGAATAAATAATATGAGCTTTTGGTTACTCCCACCATCATTCCTTCTCCTCCTAGCTTCCGCTGGAGTAGAAGCTGGGGCAGGAACCGGCTGAACCGTTTATCCCCCCCTAGCCGGAAATCTCGCTCACGCGGGCCCATCAGTAGACTTAACTATTTTCTCTCTGCATCTTGCAGGTGTATCATCTATTCTGGGGGCGATTAATTTTATCACCACAACCCTGAACATAAAACCCCCATCAATAACCCAGTACCAAACACCTCTATTCGTGTGATCTGTCCTAATTACCGCTGTTCTACTTCTACTTTCTCTACCAGTGCTTGCCGCAGGGATTACTATACTCCTTACCGACCGAAATTTAAATACAACATTTTTTGACCCTGCTGGAGGAGGTGATCCTATTCTGTACCAACATCTCTTT,,A-4219-1,,,,Nikolay Poyarkov,S,F,Bufo,A,Kareliya Republic,,
971821,ABAAP011-08,BOLD:AAC5953,ZMMU_A-4153-1,,Zoological Museum of Moscow University,18,Chordata,50,Amphibia,219,Anura,1384,Bufonidae,,,751478,Bufotes,801467,Bufotes pewzowi,Nikolay A. Poyarkov,2007-08-25,43.52,79.25,,,Chundzha,,Kazakhstan,2975872,COI-5P,,---------------------------------------------------------------CGAGCTGAGTTAAGTCAACCAGGCTCCCTCTTAGGCGATGATCAAATTTATAATGTTATTGTCACTGCCCATGCTTTTGTGATAATTTTCTTTATAGTTATACCCATTCTCATTGGTGGCTTCGGTAATTGACTTGTGCCACTAATGATTGGGGCCCCTGATATGGCCTTTCCCCGAATAAATAATATAAGTTTTTGACTTCTTCCACCCTCATTTCTTCTACTTCTGGCCTCCGCCGGGGTAGAAGCTGGGGCTGGTACCGGTTGAACCGTTTATCCCCCCTTAGCTGGTAATCTTGCCCACGCAGGACCGTCAGTTGATTTAACTATCTTCTCCCTCCATCTCGCAGGCGTATCATCTATTCTTGGGGCAATTAACTTTATTACCACAACCCTGAACATGAAACCCCCTTCCATAACCCAGTATCAAACCCCCTTGTTCGTGTGATCCGTGTTAATTACTGCTGTCCTTCTCCTCCTTTCCCTACCAGTTCTTGCAGCAGGTATTACTATACTTCTGACCGATCGAAACTTAAACACAACATTTTTTGACCCTGCTGGCGGGGGTGACCCAATCCTCTACCAACACCTATTC,,A-4153-1,,,,Nikolay Poyarkov,S,M,Pseudoepidalea,A,Almaty,,
971823,ABAAP013-08,BOLD:AAC5952,ZMMU_A-4187-1,,Zoological Museum of Moscow University,18,Chordata,50,Amphibia,219,Anura,1384,Bufonidae,,,751478,Bufotes,771615,Bufotes viridis,Evgeniy E. Dunayev,2001-08-03,46.735,48.23,,,Krasniy Yar,,Russia,2975899,COI-5P,,---------------------------------------------------------------CGAGCTGAGTTAAGTCAACCAGGCTCCCTCTTAGGCGACGATCAAATTTATAATGTCATTGTCACTGCTCATGCTTTTGTGATAATTTTCTTTATAGTTATGCCCATTCTCATTGGTGGCTTTGGTAATTGACTTGTGCCGCTAATAATTGGGGCCCCTGATATAGCCTTTCCCCGAATAAATAATATAAGTTTTTGACTTCTTCCGCCCTCATTTCTTCTACTTCTGGCCTCCGCCGGGGTAGAAGCTGGGGCTGGTACCGGTTGAACCGTTTATCCCCCCTTGGCTGGTAATCTTGCCCACGCAGGGCCGTCAGTTGATTTAACCATCTTCTCCCTTCATCTAGCAGGCGTATCATCTATTCTTGGGGCAATTAACTTTATTACCACAACCCTAAACATGAAGCCCCCTTCGATAACCCAGTATCAAACCCCATTATTTGTGTGATCCGTGTTAATTACTGCTGTCCTTCTCCTCCTCTCCCTACCAGTTCTTGCAGCAGGTATTACCATACTTCTAACCGATCGAAACTTAAACA--------------------------------------------------------,,A-4187-1,,,,Nikolay Poyarkov,S,F,Pseudoepidalea,A,Astrakhanskaya Oblast,,
971824,ABAAP014-08,BOLD:AAC5952,ZMMU_A-4195-1,1815a,Zoological Museum of Moscow University,18,Chordata,50,Amphibia,219,Anura,1384,Bufonidae,,,751478,Bufotes,771615,Bufotes viridis,Roman A. Nazarov,2008-04-26,32.01,49.14,,,Achvaz,,Iran,2975859,COI-5P,,--------------------------------------------------------------TCGAGCTGAGTTAAGTCAACCAGGCTCCCTCTTAGGCGACGATCAAATTTATAATGTCATTGTCACTGCTCATGCTTTTGTGATAATTTTCTTTATAGTTATGCCCATTCTCATCGGTGGCTTTGGTAATTGACTTGTGCCACTAATAATTGGGGCCCCTGATATAGCCTTTCCCCGAATAAATAATATAAGTTTTTGACTTCTTCCGCCCTCATTTCTTCTACTTCTGGCCTCCGCCGGGGTAGAAGCTGGGGCTGGTACCGGTTGAACCGTTTATCCCCCCTTAGCTGGTAATCTTGCCCACGCAGGGCCGTCAGTTGATTTAACTATCTTCTCCCTTCATCTAGCAGGCGTATCATCTATTCTTGGGGCAATTAACTTTATCACCACAACCCTAAACATGAAGCCCCCTTCGATAACCCAGTATCAAACCCCATTATTTGTGTGATCCGTGTTAATTACTGCTGTCCTTCTCCTCCTCTCCCTACCAGTTCTTGCAGCAGGTATTACCATACTTCTGACCGATCGAAACTTAAACACAACATTTTTTGACCCTGCTGGCGGGGGTGACCCAATCCTCTACCAACATCTCTTT,,A-4195-1,,,,Nikolay Poyarkov,S,M,Pseudoepidalea,A,Khuzestan,,
971825,ABAAP015-08,BOLD:AAC5952,ZMMU_A-4194-1,912c,Zoological Museum of Moscow University,18,Chordata,50,Amphibia,219,Anura,1384,Bufonidae,,,751478,Bufotes,771615,Bufotes viridis,Roman A. Nazarov,2008-04-16,36.35,48.75,,,Sultanye,,Iran,2975858,COI-5P,,ACTCTGTACTTAATCTTTGGCGCTTGAGCAGGAATGGTGGGAACTGCACTCAGCCTCCTTATTCGAGCTGAGTTAAGTCAACCAGGCTCCCTCTTAGGCGACGATCAAATTTATAATGTCATTGTCACTGCTCATGCTTTTGTGATAATTTTCTTTATAGTTATGCCCATTCTCATTGGTGGCTTTGGTAATTGACTTGTGCCACTAATAATTGGGGCCCCTGATATAGCCTTTCCCCGAATAAATAATATAAGTTTTTGACTTCTCCCGCCCTCATTTCTTCTACTTCTGGCCTCCGCCGGGGTAGAAGCTGGGGCTGGTACCGGTTGAACCGTTTATCCCCCCTTGGCTGGTAATCTTGCCCACGCAGGGCCGTCAGTTGATTTAACTATCTTCTCCCTTCATCTAGCAGGCGTATCATCTATTCTTGGGGCAATTAACTTTATTACCACAACCCTAAACATGAAGCCCCCTTCGATAACCCAGTATCAAACCCCATTATTTGTGTGATCCGTGTTAATTACTGCTGTCCTTCTCCTCCTCTCCCTACCAGTTCTTGCAGCAGGTATTACCATACTTCTGACCGATCGAAACTTAAACACAACATTTTTTGACCCTGCTGGCGGGGGTGACCCAATCCTCTACCAACATCTCTTT,,A-4194-1,,,,Nikolay Poyarkov,S,F,Pseudoepidalea,A,Zanjan,,
971827,ABAAP017-08,BOLD:AAC5952,ZMMU_A-4188-1,,Zoological Museum of Moscow University,18,Chordata,50,Amphibia,219,Anura,1384,Bufonidae,,,751478,Bufotes,771615,Bufotes viridis,Roman A. Nazarov,2008-04-20,34.37,47.43,,,Kermanshach,,Iran,2975857,COI-5P,,ACTCTGTACTTAATCTTTGGCGCTTGAGCAGGAATGGTGGGAACTGCACTCAGCCTCCTTATTCGAGCTGAGTTAAGTCAACCAGGCTCCCTCTTAGGCGACGATCAAATTTATAATGTCATTGTCACTGCTCATGCTTTTGTGATAATTTTCTTTATAGTTATGCCCATTCTCATTGGTGGCTTTGGTAATTGACTTGTGCCACTAATAATTGGGGCCCCTGATATAGCCTTTCCCCGAATAAATAATATAAGTTTTTGACTTCTCCCGCCCTCATTTCTTCTACTTCTGGCCTCCGCCGGGGTAGAAGCTGGGGCTGGTACCGGTTGAACCGTTTATCCCCCCTTGGCTGGTAATCTTGCCCACGCAGGGCCGTCAGTTGATTTAACTATCTTCTCCCTTCATCTAGCAGGCGTATCATCTATTCTTGGGGCAATTAACTTTATTACCACAACCCTAAACATGAAGCCCCCTTCGATAACCCAGTATCAAACCCCATTATTTGTGTGATCCGTGTTAATTACTGCTGTCCTTCTCCTCCTCTCCCTACCAGTTCTTGCAGCAGGTATTACCATACTTCTGACCGATCGAAACTTAAACACAACATTTTTTGACCCTGCTGGCGGGGGTGACCCAATCCTCTACCAACATCTCTTT,,A-4188-1,,,,Nikolay Poyarkov,S,F,Pseudoepidalea,A,Kermanshah,,
971828,ABAAP018-08,BOLD:AAC5952,ZMMU_A-4189-1,,Zoological Museum of Moscow University,18,Chordata,50,Amphibia,219,Anura,1384,Bufonidae,,,751478,Bufotes,771615,Bufotes viridis,Roman A. Nazarov,2008-04-28,34.49,45.65,,,Qasr-e-Shirim,,Iran,2975856,COI-5P,,ACTCTGTACTTAATCTTTGGCGCTTGAGCAGGAATGGTGGGAACTGCACTCAGCCTCCTTATTCGAGCTGAGTTAAGTCAACCAGGCTCCCTCTTAGGCGACGATCAAATTTATAATGTCATTGTCACTGCTCATGCTTTTGTGATAATTTTCTTTATAGTTATGCCCATTCTCATTGGTGGCTTTGGTAATTGACTTGTGCCACTAATAATTGGGGCCCCTGATATAGCCTTTCCCCGAATAAATAATATAAGTTTTTGACTTCTCCCGCCCTCATTTCTTCTACTTCTGGCCTCCGCCGGGGTAGAAGCTGGGGCTGGTACCGGTTGAACCGTTTATCCCCCCTTGGCTGGTAATCTTGCCCACGCAGGGCCGTCAGTTGATTTAACTATCTTCTCCCTTCATCTAGCAGGCGTATCATCTATTCTTGGGGCAATTAACTTTATTACCACAACCCTAAACATGAAGCCCCCTTCGATAACCCAGTATCAAACCCCATTATTTGTGTGATCCGTGTTAATTACTGCTGTCCTTCTCCTCCTCTCCCTACCAGTTCTTGCAGCAGGTATTACCATACTTCTGACCGATCGAAACTTAAACACAACATTTTTTGACCCTGCTGGCGGGGGTGACCCAATCCTCTACCAACATCTCTTT,,A-4189-1,,,,Nikolay Poyarkov,S,M,Pseudoepidalea,A,Kermanshah,,
971829,ABAAP019-08,BOLD:AAI8401,ZMMU_A-4192-1,,Zoological Museum of Moscow University,18,Chordata,50,Amphibia,219,Anura,1384,Bufonidae,,,751478,Bufotes,801466,Bufotes oblongus,Roman A. Nazarov,2008-04-21,33.42,46.2,,,Ilam,,Iran,2975879,COI-5P,,ACTCTGTACTTAATCTTTGGCGCTTGAGCAGGGATGGTGGGAACTGCACTCAGCCTCCTTATTCGAGCTGAGTTAAGTCAACCAGGCTCCCTCTTAGGCGACGATCAAATTTATAATGTTATTGTCACTGCCCATGCTTTTGTAATAATCTTCTTTATAGTTATGCCCATTCTCATTGGTGGCTTCGGTAATTGACTTGTGCCACTAATAATCGGGGCCCCTGATATAGCCTTTCCCCGAATAAATAATATAAGTTTTTGACTTCTTCCGCCCTCATTTCTTCTACTTCTGGCCTCCGCCGGGGTAGAAGCTGGGGCTGGTACCGGTTGAACCGTTTATCCCCCATTGGCTGGTAATCTTGCCCACGCAGGACCGTCAGTTGATTTGACTATCTTCTCCCTTCATCTCGCAGGTGTATCATCTATTCTTGGGGCAATTAACTTTATTACCACAACCCTAAACATGAAGCCCCCTTCTATAACCCAGTATCAAACCCCCTTATTCGTGTGATCCGTATTAATTACTGCTGTCCTTCTCCTCCTTTCCCTACCAGTTCTTGCAGCAGGTATTACTATACTTCTGACCGATCGAAACTTAAACACAACATTTTTTGACCCTGCTGGCGGGGGTGACCCAATCCTCTACCAGCACCTCTTT,,A-4192-1,,,,Nikolay Poyarkov,S,F,Pseudoepidalea,A,Ilam,,
971830,ABAAP020-08,BOLD:AAC5952,ZMMU_A-4139-1,,Zoological Museum of Moscow University,18,Chordata,50,Amphibia,219,Anura,1384,Bufonidae,,,751478,Bufotes,771615,Bufotes viridis,Roman A. Nazarov,2005-05-09,29.88,53.13,,,Shiraz,,Iran,2975868,COI-5P,,ACTCTGTACTTAATCTTTGGCGCTTGAGCAGGAATGGTGGGAACTGCACTCAGCCTTCTTATTCGAGCTGAGTTAAGTCAACCAGGCTCCCTCTTAGGCGACGATCAAATTTATAATGTCATTGTCACTGCTCATGCTTTTGTGATAATTTTCTTTATAGTTATGCCCATTCTCATTGGTGGCTTTGGTAATTGACTTGTGCCATTAATAATTGGGGCCCCTGATATAGCCTTTCCCCGAATAAATAATATAAGTTTCTGACTTCTTCCGCCCTCATTTCTTCTACTTCTGGCCTCCGCCGGGGTAGAAGCTGGGGCTGGTACCGGTTGAACCGTTTATCCCCCCTTGGCTGGTAATCTTGCCCACGCAGGGCCGTCAGTTGATTTAACTATCTTCTCCCTTCATCTAGCAGGCGTATCATCTATTCTTGGGGCAATTAACTTTATTACCACAACCCTAAACATGAAGCCCCCTTCGATAACCCAGTATCAAACCCCATTATTTGTGTGATCCGTGTTAATTACTGCTGTCCTTCTCCTCCTCTCCCTACCAGTTCTTGCAGCAGGTATTACTATACTTCTGACCGATCGAAACTTACACCCAATCATAAAGGTATCTGCTGGAGAGGGCGCCCCAATCCTCTACCAACATCTCTTT,,A-4139-1,,,,Nikolay Poyarkov,S,M,Pseudoepidalea,A,Fars,,
971832,ABAAP022-08,BOLD:AAC5952,ZMMU_A-4140-1,,Zoological Museum of Moscow University,18,Chordata,50,Amphibia,219,Anura,1384,Bufonidae,,,751478,Bufotes,771615,Bufotes viridis,Roman A. Nazarov,2005-05-13,36.6,47.4,,,Zanjan,,Iran,2975869,COI-5P,,ACTCTGTACTTAATCTTTGGCGCTTGAGCAGGAATGGTGGGAACTGCACTCAGCCTCCTTATTCGAGCTGAGTTAAGTCAACCAGGCTCCCTCTTAGGCGACGATCAAATTTATAATGTCATTGTCACTGCTCATGCTTTTGTGATAATTTTCTTTATAGTTATGCCCATTCTCATTGGTGGCTTTGGTAATTGACTTGTGCCACTAATAATTGGGGCCCCTGATATAGCCTTTCCCCGAATAAATAATATAAGTTTTTGACTTCTCCCGCCCTCATTTCTTCTACTTCTGGCCTCCGCCGGGGTAGAAGCTGGGGCTGGTACCGGTTGAACCGTTTATCCCCCCTTGGCTGGTAATCTTGCCCACGCAGGGCCGTCAGTTGATTTAACTATCTTCTCCCTTCATCTAGCAGGCGTATCATCTATTCTTGGGGCAATTAACTTTATTACCACAACCCTAAACATGAAGCCCCCTTCGATAACCCAGTATCAAACCCCATTATTTGTGTGATCCGTGTTAATTACTGCTGTCCTTCTCCTCCTCTCCCTACCAGTTCTTGCAGCAGGTATTACCATACTTCTGACCGATCGAAACTTAAACACAACATTTTTTGACCCTGCTGGCGGGGGTGACCCAATCCTCTACCAACATCTCTTT,,A-4140-1,,,,Nikolay Poyarkov,S,F,Pseudoepidalea,A,Zanjan,,
971833,ABAAP023-08,BOLD:AAW7352,ZMMU_A-4191-1,,Zoological Museum of Moscow University,18,Chordata,50,Amphibia,219,Anura,1384,Bufonidae,,,271938,Duttaphrynus,402546,Duttaphrynus olivaceus,Roman A. Nazarov,2008-05-01,26.9,57.1,,,Minab,,Iran,2975870,COI-5P,,ACCCTGTACCTAATTTTTGGGGCCTGGGCGGGCATGGTTGGAACAGCTTTAAGCCTTCTTATTCGAGCTGAACTTAGCCAACCAGGTTCACTTTTAGGTGACGATCAGATTTATAATGTAATCGTTACTGCCCACGCTTTTGTAATAATTTTCTTCATAGTTATGCCCATTCTTATCGGCGGCTTTGGTAACTGACTTGTCCCACTAATAATTGGAGCCCCAGATATGGCCTTCCCCCGAATAAATAATATAAGCTTTTGACTTCTCCCCCCATCATTTTTACTTCTTCTTGCCTCGGCCGGGGTAGAAGCCGGAGCGGGGACAGGTTGAACTGTTTATCCTCCCCTAGCCGGAAACCTTGCCCACGCAGGACCATCAGTTGACTTAACTATTTTTTCCCTTCACCTCGCAGGTGTGTCCTCCATTCTTGGGGCAATTAACTTTATTACTACTACCCTAAATATAAAACCCCCTTCAATAACCCAATATCAAACACCTTTATTTGTATGATCTGTCTTAATTACTGCTGTACTGCTTCTTCTTTCTCTTCCAGTCCTCGCAGCAGGAATTACTATACTTCTAACTGACCGAAATTTAAACACAACATTCTTTGATCCGGCTGGTGGAGGAGATCCAATTTTATACCAACATCTTTTC,,A-4191-1,,,,Nikolay Poyarkov,S,M,Gen. nov. 1,A,Hormozgan,,
971834,ABAAP024-08,BOLD:AAI8402,ZMMU_A-4027-1,,Zoological Museum of Moscow University,18,Chordata,50,Amphibia,219,Anura,1384,Bufonidae,,,751478,Bufotes,803380,Bufotes surdus,Roman A. Nazarov,2005-05-04,27.86,60.1,,,Iranshekhr,,Iran,2975878,COI-5P,,ACCCTGTATTTTATCTTTGGGGCTTGAGCAGGGATGGTTGGGACTGCCCTCAGCCTTCTAATTCGAGCCGAGCTAAGCCAACCGGGCTCCCTATTAGGTGATGATCAGATCTATAATGTTATTGTCACCGCCCATGCCTTTGTTATAATTTTCTTTATAGTTATACCCATTCTGATTGGCGGCTTTGGTAATTGACTTGTACCCCTGATGATCGGAGCCCCTGATATGGCCTTTCCTCGTATAAATAATATGAGTTTCTGGCTTCTTCCACCGTCTTTTCTTCTTCTTCTCGCCTCAGCTGGGGTAGAGGCCGGAGCAGGAACTGGCTGGACAGTATATCCCCCATTAGCTGGGAATCTTGCTCACGCAGGACCATCAGTTGATCTGACCATCTTCTCTCTTCATCTAGCAGGTGTATCGTCTATTCTTGGGGCGATTAATTTTATTACCACAACCCTTAACATGAAACCCCCCTCAATAACTCAATACCAGACCCCCTTATTTGTCTGATCTGTACTAATTACTGCTGTCCTACTCCTCCTTTCTCTGCCGGTTCTAGCAGCAGGCATTACTATATTACTAACTGACCGAAACTTAAATACAACATTTTTTGACCCTGCCGGCGGGGGCGATCCTATCCTGTACCAACACCTCTTT,,A-4027-1,,,,Nikolay Poyarkov,S,M,cf. Pseudoepidalea,A,Sistan-e Baluchestan,,
971841,ABAAP031-08,BOLD:AAY3423,ZMMU_A-3993-1,,Zoological Museum of Moscow University,18,Chordata,50,Amphibia,219,Anura,195623,Dicroglossidae,195624,Dicroglossinae,195625,Euphlyctis,195626,Euphlyctis cyanophlyctis,Roman A. Nazarov,2004-04-20,27.2,60.68,,,Iranshekhr,,Iran,2975905,COI-5P,,ACAATATACCTAATTTTTGGTGCATGAGCCGGAATAATCGGAACTGCCCTAAGTCTTTTAATCCGAGCCGAACTAAGCCAACCCGGAGCTCTTCTTGGGGATGATCAGATTTATAATGTAATTGTGACAGCCCATGCCTTTGTCATAATTTTTTTTATGGTCATGCCCGTTCTCATCGGCGGATTTGGAAATTGACTTGTTCCATTAATGATCGGAGCCCCCGATATGGCCTTTCCACGAATAAATAACATAAGCTTCTGACTCCTTCCCCCATCCTTCCTTCTCTTACTCTCATCTTCCACCGTTGAGGCCGGAGCAGGGACCGGATGAACAGTTTACCCCCCCCTAGCCGGCAATCTTGCCCACGCAGGACCTTCTGTAGATCTGGCCATTTTCTCTTTGCACTTGGCAGGTGTCTCGTCAATTCTGGGCGCAATCAACTTTATTACTACTATCCTAAACATAAAGCCACCGTCTACCACTCAGTACCAAACCCCCCTGTTTATTTGATCAGTTCTAATTACGGNAGTACTACTTCTCTTGTCTCTCCCCGTTTTAGCTGCAGGTATCACCATACTTTTAACAGACCGAAACTTAAATACCACTTTCTTTGACCCGTCGGGAGGGGGGG--------------------------,,A-3993-1,,,,Eugene Dunayev,S,F,,A,Sistan-e Baluchestan,,
971842,ABAAP032-08,BOLD:AAD1964,ZMMU_A-4220-1,,Zoological Museum of Moscow University,18,Chordata,50,Amphibia,219,Anura,25179,Bombinatoridae,,,25180,Bombina,25181,Bombina bombina,Eduard A. Galoyan,2003-06-01,52.45,33.88,,,Bryansk Region,"Bryanskiy les reserve, evirons of Chukhrai village",Russia,2975824,COI-5P,,ACCCTGTATTTAGTATTTGGTGCCTGAGCCGGAATGGTTGGAACTGCCCTCAGCTTGTTGATTCGAGCTGAGCTGAGCCAGCCCGGAACCTTGCTTGGGGATGACCAGATCTACAATGTAATTGTCACTGCCCATGCCTTCGTAATAATTTTCTTCATAGTTATGCCCATCATGATTGGGGGATTCGGTAACTGACTGATTCCTCTAATAATCGGAGCCCCAGACATGGCGTTCCCTCGAATGAATAACATGAGCTTTTGACTTCTTCCCCCATCATTCCTCTTACTCTTAGCATCCTCGGGTGTAGAGGCCGGGGCCGGAACCGGTTGAACTGTTTACCCGCCTTTAGCGGGAAACCTAGCCCATGCAGGAGCATCAGTAGACCTAACTATTTTTTCTTTACATCTTGCTGGGGTATCCTCCNTCCTGGGCGCTATCAACTTTATTACAACAACAATTAATATGAAACCCCCAGCAATGTCACAGTATCAAACACCATTGTTTGTGTGATCTGTACTAATTACAGCTATTCTTCTACTCCTTTCACTTCCTGTTCTAGCCGCAGGAATTACTATGCTTCTTACAGACCGTAATTTAAACACAACCTTTTTTGACCCTGCTGGAGGGGGAGATCCTGTACTATACCAACACCTATTC,,A-4220-1,,,,Nikolay Poyarkov,S,F,,A,Bryanskaya Oblast,,
971849,ABAAP039-08,BOLD:AAD4414,ZMMU_NP-PA-08-3-1,NP-PA-08-3-1,Zoological Museum of Moscow University,18,Chordata,50,Amphibia,219,Anura,25179,Bombinatoridae,,,25180,Bombina,104989,Bombina variegata,Nikolay A. Poyarkov,2005-06-28,48.791,22.791,,,Perechin,,Ukraine,2975841,COI-5P,,ACCCTGTATTTAGTATTTGGTGCCTGAGCCGGAATGGTGGGAACTGCCCTCAGCTTGCTAATTCGAGCAGAGCTAAGCCAGCCCGGAACCTTGCTTGGGGACGACCAGATCTACAATGTAATCGTTACTGCCCACGCTTTTGTAATAATTTTCTTCATAGTCATGCCTATCATAATCGGTGGATTTGGTAACTGACTGATTCCCTTAATAATTGGAGCCCCAGACATGGCCTTCCCTCGAATGAATAATATAAGCTTCTGACTTCTCCCTCCATCATTCCTGTTGCTTTTAGCATCCTCAGGCGTAGAGGCAGGAGCCGGAACCGGTTGAACTGTCTACCCACCCCTAGCGGGGAACCTGGCCCATGCAGGAGCATCAGTAGATCTGACTATTTTTTCTTTACATCTTGCCGGGGTGTCCTCAATTCTAGGCGCCATTAACTTTATTACAACAACAATTAACATGAAACCCCCAGCAATGTCACAGTATCAAACACCATTGTTTGTATGATCTGTGCTAATTACAGCTATTCTTCTACTTCTTTCACTCCCTGTTCTTGCTGCAGGAATTACCATGCTTCTCACAGACCGTAATTTAAACACAACCTTTTTTGACCCTGCTGGAGGGGGCGATCCTGTACTATACCAGCATCTGTTC,,,,,,Nikolay Poyarkov,S,M,,A,Zakarpatskaja,,
971851,ABAAP041-08,BOLD:AAE5180,ZMMU_NP-PA-08-5-1,NP-PA-08-5-1,Zoological Museum of Moscow University,18,Chordata,50,Amphibia,219,Anura,1381,Hylidae,101478,Hylinae,4292,Hyla,503022,Hyla orientalis,Nikolay A. Poyarkov,2005-06-29,38.651,48.789,,,Lenkaran,,Azerbaijan,2975915,COI-5P,,ACCCTATATCTAGTATTTGGGGCCTGAGCTGGCATAGTCGGCACAGCCCTCAGTCTTTTGATTCGAGCAGAGCTAAGTCAGCCCGGATCCCTTCTGGGCGATGACCAAATTTATAATGTCATTGTTACAGCCCACGCCTTCGTCATAATTTTCTTTATGGTAATACCCATTCTAATCGGCGGATTTGGAAACTGACTTATTCCCTTAATAATCGGCGCACCCGATATGGCTTTCCCACGAATAAATAATATAAGCTTCTGACTTCTCCCCCCATCCTTTCTTCTTCTTTTAGCCTCAGCAGGCGTTGAAGCAGGGGCCGGTACTGGGTGAACTGTTTACCCGCCTCTTGCCGGAAACCTAGCGCACGCCGGACCCTCCGTTGACTTGACTATTTTTTCCCTACATCTTGCAGGTGTCTCTTCAATTCTAGGAGCCATTAATTTTATTACCACAATTCTTAATATAAAACCCCCATCCATAACACAGTATCAAACCCCTCTGTTCGTCTGATCCGTCCTAATTACTGCTGTACTTCTACTCCTTTCCCTCCCCGTCTTAGCGGCAGGCATTACCATGCTTCTCACTGATCGTAATTTAAACACAACATTCTTTGACCCTGCGGGAGGAGGGGACCCCGTCTTGTATCAACATCTATTT,,,,,,Nikolay Poyarkov,S,M,,A,,,
971853,ABAAP043-08,BOLD:AAC5952,ZMMU_NP-PA-08-6-1,NP-PA-08-6-1,Zoological Museum of Moscow University,18,Chordata,50,Amphibia,219,Anura,1384,Bufonidae,,,751478,Bufotes,771615,Bufotes viridis,Nikolay A. Poyarkov,2007-03-27,38.673,48.644,,,Lerik,,Azerbaijan,2975854,COI-5P,,ACTCTGTACTTAATCTTTGGCGCTTGAGCAGGAATGGTGGGAACTGCACTCAGCCTCCTTATTCGAGCTGAGTTAAGTCAACCAGGCTCCCTCTTAGGCGACGATCAAATTTATAATGTCATTGTCACTGCTCATGCTTTTGTGATAATTTTCTTTATAGTTATGCCCATTCTCATTGGTGGCTTTGGTAATTGACTTGTGCCACTAATAATTGGGGCCCCTGATATAGCCTTTCCCCGAATAAATAATATAAGTTTTTGACTTCTCCCGCCCTCATTTCTTCTACTTCTGGCCTCCGCCGGGGTAGAAGCTGGGGCTGGTACCGGTTGAACCGTTTATCCCCCCTTGGCTGGTAATCTTGCCCACGCAGGGCCGTCAGTTGATTTAACTATCTTCTCCCTTCATCTAGCAGGCGTATCATCTATTCTTGGGGCAATTAACTTTATTACCACAACCCTAAACATGAAGCCCCCTTCGATAACCCAGTATCAAACCCCATTATTTGTGTGATCCGTGTTAATTACTGCTGTCCTTCTCCTCCTCTCCCTACCAGTTCTTGCAGCAGGTATTACCATACTTCTGACCGATCGAAACTTAAACACAACATTTTTTGACCCTGCTGGCGGGGGTGACCCAATCCTCTACCAACATCTCTTT,,,,,,Nikolay Poyarkov,S,F,Pseudoepidalea,A,,,
971855,ABAAP045-08,BOLD:AAC2139,ZMMU_NP-PA-08-8-1,NP-PA-08-8-1,Zoological Museum of Moscow University,18,Chordata,50,Amphibia,219,Anura,1384,Bufonidae,,,4294,Bufo,101499,Bufo bufo,Nikolay A. Poyarkov,2005-05-12,48.791,22.791,,,Perechin,,Ukraine,2975846,COI-5P,,ACCCTGTACCTTATCTTTGGGGCCTGAGCAGGGATAGTTGGAACTGCCCTTAGCCTTCTCATTCGAGCTGAGCTGAGCCAACCAGGTTCCCTCCTAGGCGATGACCAGATCTACAATGTCATTGTTACTGCCCATGCCTTCGTCATAATTTTCTTTATGGTCATACCCATTCTAATTGGTGGTTTCGGTAATTGACTTGTCCCCTTAATAATTGGGGCCCCTGATATAGCCTTTCCCCGAATAAATAATATGAGCTTTTGGTTACTCCCACCATCATTCCTTCTCCTCCTAGCTTCCGCTGGAGTAGAAGCTGGGGCAGGAACCGGCTGAACCGTTTATCCCCCCCTAGCCGGAAATCTCGCTCACGCGGGCCCATCAGTAGACTTAACTATTTTCTCTCTGCATCTTGCAGGTGTATCATCTATTCTGGGGGCGATTAATTTTATCACCACAACCCTGAACATAAAACCCCCATCAATAACCCAGTACCAAACACCTCTATTCGTGTGATCTGTCCTAATTACCGCTGTTCTACTTCTACTTTCTCTACCAGTGCTTGCCGCAGGGATTACTATACTCCTTACCGACCGAAATTTAAATACAACATTTTTTGACCCTGCTGGAGGAGGTGATCCTATTCTGTACCAACATCTCTTT,,,,,,Nikolay Poyarkov,S,M,Bufo,A,Zakarpatskaja,,
971856,ABAAP046-08,BOLD:AAE5180,ZMMU_NP-PA-08-9-1,NP-PA-08-9-1,Zoological Museum of Moscow University,18,Chordata,50,Amphibia,219,Anura,1381,Hylidae,101478,Hylinae,4292,Hyla,503022,Hyla orientalis,Nikolay A. Poyarkov,2007-03-29,38.754,48.763,,,Lenkaran,,Azerbaijan,2975914,COI-5P,,ACCCTATATCTAGTATTTGGGGCCTGAGCTGGCATAGTCGGCACAGCCCTCAGTCTTTTGATTCGAGCAGAGCTAAGTCAGCCCGGATCCCTTCTGGGCGATGACCAAATTTATAATGTCATTGTTACAGCCCACGCCTTCGTCATAATTTTCTTTATGGTAATACCCATTCTAATCGGCGGATTTGGAAACTGACTTATTCCCTTAATAATCGGCGCACCCGATATGGCTTTCCCACGAATAAATAATATAAGCTTCTGACTTCTCCCCCCATCCTTTCTTCTTCTTTTAGCCTCAGCAGGCGTTGAAGCAGGGGCCGGTACTGGGTGAACTGTTTACCCGCCTCTTGCCGGAAACCTAGCGCACGCCGGACCCTCCGTTGACTTGACTATTTTTTCCCTACATCTTGCAGGTGTCTCTTCAATTCTAGGAGCCATTAATTTTATTACCACAATTCTTAATATAAAACCCCCATCCATAACACAGTATCAAACCCCTCTGTTCGTCTGATCCGTCCTAATTACTGCTGTACTTCTACTCCTTTCCCTCCCCGTCTTAGCGGCAGGCATTACCATGCTTCTCACTGATCGTAATTTAAACACAACATTCTTTGACCCTGCGGGAGGAGGGGACCCCGTCTTGTATCAACATCTATTT,,,,,,Nikolay Poyarkov,S,F,,A,,,
971857,ABAAP047-08,BOLD:AAI3784,ZMMU_NP-PA-08-12-1,NP-PA-08-12-1,Zoological Museum of Moscow University,18,Chordata,50,Amphibia,219,Anura,79635,Pelobatidae,,,79636,Pelobates,271962,Pelobates syriacus,Nikolay A. Poyarkov,2006-04-10,37.067,35.735,,,Ceyhan,,Turkey,2975948,COI-5P,,ACCCTATATTTAATCTTCGGTGCCTGAGCCGGAATAGTAGGCACAGCTTTGAGCCTTCTAATCCGAGCAGAACTTAGTCAACCAGGAACACTTCTTGGAGACGATCAGATTTATAATGTTATCGTAACCGCACACGCATTTGTAATAATTTTCTTTATAGTAATACCAATTATAATTGGAGGGTTTGGCAATTGATTAATTCCTTTAATAATTGGAGCCCCTGACATAGCATTCCCTCGGATAAATAATATAAGCTTTTGACTCCTACCACCATCCTTCTTATTGCTTCTTGCTTCGTCAGCAGTAGAATCAGGGGCCGGAACAGGTTGAACTGTGTACCCCCCCTTAGCCGGAAATCTGGCCCATGCAGGAGCATCAGTTGATCTAACCATCTTCTCCCTTCACTTAGCGGGTGTTTCGTCAATTTTAGGAGCAATTAACTTTATCACTACCATTCTAAATATAAAACCCCCTGCTATAACTCAGTATCAAACCCCTCTGTTTGTTTGATCAGTCTTGATCACTGCTGTTCTTCTTCTCTTATCCCTTCCCGTATTAGCGGCAGGGATTACTATACTCCTCACAGATCGAAATTTAAACACGACCTTCTTTGATCCGGCGGGAGGGGGGGACCCGGTCCTCTATCAACATTTGTTT,,,,,,Nikolay Poyarkov,S,,,I,Adana,,
971858,ABAAP048-08,BOLD:AAI3784,ZMMU_NP-PA-08-12-2,NP-PA-08-12-2,Zoological Museum of Moscow University,18,Chordata,50,Amphibia,219,Anura,79635,Pelobatidae,,,79636,Pelobates,271962,Pelobates syriacus,Nikolay A. Poyarkov,2006-04-10,37.067,35.735,,,Ceyhan,,Turkey,2975947,COI-5P,,ACCCTATATTTAATCTTCGGTGCCTGAGCCGGGATAGTAGGCACAGCTTTGAGCCTTCTAATCCGAGCAGAACTTAGTCAACCAGGAACACTTCTTGGAGACGATCAGATTTATAATGTTATCGTAACCGCACACGCATTTGTAATAATTTTCTTTATAGTAATACCAATTATAATTGGAGGGTTTGGCAATTGATTAATTCCTTTAATAATTGGAGCCCCTGACATAGCATTCCCTCGGATAAATAATATAAGCTTTTGACTCCTACCACCATCCTTCTTATTGCTTCTTGCTTCGTCAGCAGTAGAATCAGGGGCCGGAACAGGTTGAACTGTGTACCCCCCCTTAGCCGGAAATCTGGCCCATGCAGGAGCATCAGTTGATCTAACCATCTTCTCCCTTCACTTAGCGGGTGTTTCGTCAATTTTAGGAGCAATTAACTTTATCACTACCATTCTAAATATAAAACCCCCTGCTATAACTCAGTATCAAACCCCTCTGTTTGTTTGATCAGTCTTGATCACTGCTGTTCTTCTTCTCTTATCCCTTCCCGTATTAGCGGCAGGGATTACTATACTCCTCACAGATCGAAATTTAAACACGACCTTCTTTGATCCAGCGGGAGGGGGGGACCCGGTCCTCTATCAACATTTGTTT,,,,,,Nikolay Poyarkov,S,,,I,Adana,,
971859,ABAAP049-08,BOLD:AAD6744,ZMMU_NP-PA-08-10-1,NP-PA-08-10-1,Zoological Museum of Moscow University,18,Chordata,50,Amphibia,219,Anura,1385,Ranidae,,,101466,Pelophylax,101471,Pelophylax ridibundus,Nikolay A. Poyarkov,2007-03-27,38.754,48.763,,,Lenkaran,,Azerbaijan,2975970,COI-5P,,ACCCTTTACTTAATCTTTGGTGCATGAGCCGGAATGGTCGGTACAGCTCTCAGCCTGCTTATTCGAGCAGAGCTTAGCCAACCTGGAACTCTCCTCGGTGATGACCAAATTTATAATGTAATTGTTACTGCTCATGCCTTCGTTATAATTTTCTTCATAGTTATGCCCATTCTAATTGGGGGCTTTGGAAATTGACTCGTGCCACTCATGATTGGCGCCCCTGATATGGCCTTTCCCCGAATAAACAACATGAGTTTTTGACTCTTACCCCCCTCCTTCTTTCTTCTTCTAGCATCCTCCACGGTTGAAGCCGGGGCAGGCACAGGCTGAACTGTCTATCCTCCCCTGGCGGGAAACCTTGCTCATGCAGGACCCTCTGTAGACCTAGCCATCTTTTCTCTTCATTTGGCTGGGGTTTCGTCAATTTTGGGGGCCATCAACTTTATTACAACAATTATCAACATGAAGCCCACATCAATCACGCAATACCAAACACCCCTTTTTGTTTGATCTGTACTAATCACCGCTGTTCTACTTCTTCTTTCCCTCCCAGTTCTAGCAGCAGGTATCACAATACTGTTGACCGATCGAAACTTAAACACAACATTTTTTGATCCCGCAGGCGGAGGGGACCCCGTTCTTTACCAACACCTGTTT,,,,,,Nikolay Poyarkov,S,F,,A,,,
971860,ABAAP050-08,BOLD:AAD1964,ZMMU_NP-PA-08-11-1,NP-PA-08-11-1,Zoological Museum of Moscow University,18,Chordata,50,Amphibia,219,Anura,25179,Bombinatoridae,,,25180,Bombina,25181,Bombina bombina,Margarita G. Bush,2005-07-29,55.143,36.819,,,Puschino,,Russia,2975823,COI-5P,,ACCCTGTATTTAGTATTTGGTGCCTGAGCCGGAATGGTTGGAACTGCCCTCAGCTTGTTGATTCGAGCTGAGCTGAGCCAGCCCGGAACCTTGCTTGGGGATGACCAGATCTACAATGTAATTGTCACTGCCCATGCCTTCGTAATAATTTTCTTCATAGTTATGCCCATCATGATTGGGGGATTCGGTAACTGACTGATTCCTCTAATAATCGGAGCCCCAGACATGGCGTTCCCTCGAATGAATAACATGAGCTTTTGACTTCTTCCCCCATCATTCCTCTTACTCTTAGCATCCTCGGGTGTAGAGGCCGGGGCCGGAACCGGTTGAACTGTTTACCCGCCTTTAGCGGGAAACCTAGCCCATGCAGGAGCATCAGTAGACCTAACTATTTTTTCTTTACATCTTGCTGGGGTATCCTCAATCCTGGGCGCTATCAACTTTATTACAACAACAATTAACATGAAACCCCCAGCAATGTCACAGTATCAAACACCATTGTTTGTGTGATCTGTACTAATTACAGCTATTCTTCTACTCCTTTCACTTCCTGTTCTGGCCGCAGGAATTACTATGCTTCTTACAGACCGTAATTTAAACACAACCTTTTTTGACCCTGCTGGAGGGGGAGATCCTGTACTATACCAACACCTATTC,,,,,,Nikolay Poyarkov,S,M,,A,Kaluzhskaya Oblast,,
971861,ABAAP051-08,BOLD:AAB9951,ZMMU_NP-PA-08-13-1,NP-PA-08-13-1,Zoological Museum of Moscow University,18,Chordata,50,Amphibia,219,Anura,1385,Ranidae,,,2939,Rana,169274,Rana amurensis,Alexey A. Lomov,2004-06-20,44.726,132.044,,,Khanka,,Russia,2975990,COI-5P,,--------------------------------------------------------------------------------------------GCTGGGAGACGATCAAATTTATAATGTCATCGTCACTGCCCACGCATTTGTAATAATTTTTTTTATAGTTATACCCATCCTAATTGGAGGCTTTGGCAATTGACTTATCCCCCTAATGATTGGAGCCCCTGATATAGCTTTCCCGCGAATAAACAACATAAGCTTCTGACTACTCCCACCCTCTTTTTTCCTTCTCTTAGCCTCCTCCATAGTTGAAGCCGGAGCAGGCACAGGCTGAACAGTTTACCCCCCACTAGCCAGCAATCTCGCCCACGCAGGCCCATCAGTAGACATGGCCATTTTTTCATTACATTTAGCTGGGGTATCCTCCATTCTAGGGGCCATTAATTTCATTACAACAATTATTAATATAAAACCCTCATCCACAACCCAATACCAAACCCCTCTCTTTGTTTGATCAGTCTTAATTACTGCTGTTCTCCTACTTCTTTCCCTCCCTGTCCTAGCCGCCGGGATCACTATACTTCTTACAGACCGGAATCTGAACACTACCTTCTTTGATCCTGCTGGAGGCGGAGACCCAGTTCTCTACCAACACCTATTC,,,,,,Nikolay Poyarkov,S,M,,A,Primorskiy Kray,,
971863,ABAAP053-08,BOLD:AAD4414,ZMMU_NP-PA-08-14-1,NP-PA-08-14-1,Zoological Museum of Moscow University,18,Chordata,50,Amphibia,219,Anura,25179,Bombinatoridae,,,25180,Bombina,104989,Bombina variegata,Nikolay A. Poyarkov,2004-05-21,48.585,22.266,,,Uzhgorod,,Ukraine,2975840,COI-5P,,ACCCTGTATTTAGTATTTGGTGCCTGAGCCGGAATGGTGGGAACTGCCCTCAGCTTGCTAATTCGAGCAGAGCTAAGCCAGCCCGGAACCTTGCTTGGGGACGACCAGATCTACAATGTAATCGTTACTGCCCACGCTTTTGTAATAATTTTCTTCATAGTCATGCCTATCATAATCGGGGGATTTGGTAACTGACTGATTCCCTTAATAATTGGAGCCCCAGACATGGCCTTCCCTCGAATGAATAATATAAGCTTCTGACTTCTCCCTCCATCATTCCTGTTGCTTTTAGCATCCTCAGGCGTAGAGGCAGGAGCCGGAACCGGTTGAACTGTCTACCCACCCCTAGCGGGGAACCTGGCCCATGCAGGAGCATCAGTAGATCTGACTATTTTTTCTTTACATCTTGCCGGGGTGTCCTCAATTCTAGGCGCCATTAACTTTATTACAACAACAATTAACATGAAACCCCCAGCAATGTCACAGTATCAAACACCATTGTTTGTATGATCTGTGCTAATTACAGCTATTCTTCTACTTCTTTCACTCCCTGTTCTTGCTGCAGGAATTACCATGCTTCTCACAGACCGTAATTTAAACACAACCTTTTTTGACCCTGCTGGAGGGGGCGATCCTGTACTATACCAGCATCTGTTC,,,,,,Nikolay Poyarkov,S,F,,A,Zakarpatskaja,,
971869,ABAAP059-08,BOLD:AAD6744,ZMMU_NP-PA-08-19-2,NP-PA-08-19-2,Zoological Museum of Moscow University,18,Chordata,50,Amphibia,219,Anura,1385,Ranidae,,,101466,Pelophylax,101471,Pelophylax ridibundus,Sophia I. Dolotovskaya,2005-06-29,39.836,44.85,,,Ararat region,,Armenia,2975968,COI-5P,,ACCCTTTACTTAATCTTTGGTGCATGAGCCGGAATGGTCGGTACAGCTCTCAGCCTGCTTATTCGAGCAGAGCTTAGCCAACCTGGAACTCTCCTCGGTGATGACCAAATTTATAATGTAATTGTTACTGCTCATGCCTTCGTTATAATTTTCTTCATAGTTATGCCCATTCTAATTGGGGGCTTTGGAAATTGACTCGTGCCACTCATGATTGGCGCCCCTGATATGGCCTTTCCCCGAATAAACAACATGAGTTTTTGACTCTTACCCCCCTCCTTCTTTCTTCTTCTAGCATCCTCCACGGTTGAAGCCGGGGCAGGCACAGGCTGAACTGTCTATCCTCCCCTGGCGGGAAACCTTGCTCATGCAGGACCCTCTGTAGACCTAGCCATCTTTTCTCTTCATTTGGCTGGGGTTTCGTCAATTTTGGGGGCCATCAACTTTATTACAACAATTATCAACATGAAGCCCACATCAATCACGCAATACCAAACACCCCTTTTTGTTTGATCTGTACTAATCACCGCTGTTCTACTTCTTCTTTCCCTCCCAGTTCTAGCAGCAGGTATCACAATACTATTGACCGATCGAAACTTAAACACAACATTTTTTGATCCCGCAGGCGGAGGGGACCCCGTTCTTTACCAACACCTGTTT,,,,,,Nikolay Poyarkov,S,F,,A,,,
971870,ABAAP060-08,BOLD:AAD9567,ZMMU_A-4213-1,NP-R-08-1,Zoological Museum of Moscow University,18,Chordata,50,Amphibia,219,Anura,1385,Ranidae,,,2939,Rana,191352,Rana ornativentris,"Nikolay A. Poyarkov, Y. H. Chang",2007-01-20,36.823,139.727,,,"Tochigi, Fujihara",,Japan,2976081,COI-5P,,ACCCTCTACTTAATCTTTGGGGCCTGAGCCGGCATAGTCGGGACAGCCCTAAGCCTTCTTATCCGGGCAGAGTTGAGCCAACCAGGAACTCTCTTAGGAGACGACCAAATCTACAATGTTATCGTTACTGCCCACGCATTTGTAATAATTTTCTTCATAGTTATGCCTATCCTAATCGGGGGCTTTGGCAACTGACTAGTCCCCCTGATAATCGGAGCCCCTGATATGGCCTTTCCTCGAATAAATAACATAAGCTTCTGACTACTCCCACCATCTTTTTTTCTCCTCTTAGCCTCCTCCACAGTTGAAGCCGGGGCGGGCACAGGCTGGACCGTCTATCCCCCCCTGGCCGGTAATCTGGCCCACGCAGGCCCATCGGTAGACCTAGCCATTTTCTCACTACACCTAGCCGGGGTATCATCCATCCTGGGGGCTATTAATTTTATTACAACAATTATTAATATAAAACCCGCATCCACAACACAATACCAAACACCCCTCTTTGTTTGATCGGTCCTAATCACTGCCGTTCTCCTGCTTCTCTCCCTTCCAGTCCTAGCCGCCGGAATTACTATACTTCTTACAGACCGAAATCTAAACACTACCTTTTTTGACCCTGCAGGGGGTGGAGATCCAG--------------------,,A-4213-1,,,,Nikolay Poyarkov,S,F,,A,Kanto-chiho,,
971873,ABAAP063-08,BOLD:AAD9567,ZMMU_A-4213-4,NP-R-08-4,Zoological Museum of Moscow University,18,Chordata,50,Amphibia,219,Anura,1385,Ranidae,,,2939,Rana,191352,Rana ornativentris,"Nikolay A. Poyarkov, Y. H. Chang",2007-01-20,36.823,139.727,,,"Tochigi, Fujihara",,Japan,2976079,COI-5P,,-------------TCTTTGGGGCCTGAGCCGGCATAGTCGGGACAGCCCTAAGCCTTCTTATCCGGGCAGAGTTGAGCCAACCAGGAACTCTCTTAGGAGACGACCAAATCTACAATGTTATCGTTACTGCCCACGCATTTGTAATAATTTTCTTCATAGTCATGCCTATCCTAATCGGGGGCTTTGGCAACTGACTAGTCCCCCTGATAATCGGAGCCCCTGATATGGCCTTTCCTCGAATAAATAACATAAGCTTCTGACTACTCCCACCATCTTTTTTTCTCCTCTTAGCCTCCTCCACAGTTGAAGCCGGGGCGGGCACAGGCTGAACCGTCTATCCCCCCCTGGCCGGTAATCTGGCCCACGCAGGTCCATCGGTAGACCTAGCCATTTTCTCACTACACCTAGCCGGGGTATCATCCATCCTGGGGGCTATTAATTTTATTACAACAATTATTAATATAAAACCCGCATCCACAACACAATACCAGACACCCCTCTTTGTTTGATCGGTCCTAATCACTGCCGTTCTCCTGCTTCTCTCCCTTCCAGTCCTAGCCGCCGGAATTACTATACTTCTTACAGACCGAAATCTAAACACTACCTTTTTTGACCCTGCAGGGGGTGGAGATCCAGTTCTTTATCAACATCTATTC,,A-4213-4,,,,Nikolay Poyarkov,S,M,,A,Kanto-chiho,,
971876,ABAAP066-08,BOLD:AAD9567,ZMMU_A-4213-7,NP-R-08-7,Zoological Museum of Moscow University,18,Chordata,50,Amphibia,219,Anura,1385,Ranidae,,,2939,Rana,191352,Rana ornativentris,"Nikolay A. Poyarkov, Y. H. Chang",2007-01-20,36.823,139.727,,,"Tochigi, Fujihara",,Japan,2976076,COI-5P,,ACCCTCTACTTAATCTTTGGGGCCTGAGCCGGCATAGTCGGGACAGCCCTAAGCCTTCTTATCCGGGCAGAGTTGAGCCAACCAGGAACTCTCTTAGGAGACGACCAAATCTACAATGTTATCGTTACTGCCCACGCATTTGTAATAATTTTCTTCATAGTTATGCCTATCCTAATCGGGGGCTTTGGCAACTGACTAGTCCCCCTGATAATCGGAGCCCCTGATATGGCCTTTCCTCGAATAAATAACATAAGCTTCTGACTACTCCCACCATCTTTTTTTCTCCTCTTAGCCTCCTCCACAGTTGAAGCCGGGGCGGGCACAGGCTGGACCGTCTATCCCCCCCTGGCCGGTAATCTGGCCCACGCAGGCCCATCGGTAGACCTAGCCATTTTCTCACTACACCTAGCCGGGGTATCATCCATCCTGGGGGCTATTAATTTTATTACAACAATTATTAATATAAAACCCGCATCCACAACACAATACCAAACACCCCTCTTTGTTTGATCGGTCCTAATCACTGCCGTTCTCCTGCTTCTCTCCCTTCCAGTCCTAGCCGCCGGAATTACTATACTTCTTACAGACCGAAATCTAAACACTACCTTTTTTGACCCTGCAGGGGGTGGAGATCCAGTTCTTTATCAACATCTATTC,,A-4213-7,,,,Nikolay Poyarkov,S,F,,A,Kanto-chiho,,
971879,ABAAP069-08,BOLD:AAD9547,ZMMU_A-3845-2,NP-R-08-10,Zoological Museum of Moscow University,18,Chordata,50,Amphibia,219,Anura,1385,Ranidae,,,2939,Rana,191355,Rana pirica,Mikhail A. Alexeyev,2008-05-20,43.422,146.077,,,Yuzhno-Kurilsk,,Russia,2976028,COI-5P,,ACCCTCTACTTAATCTTTGGGGCCTGAGCCGGCATGGTCGGGACAGCCCTAAGCCTTCTTATTCGAGCAGAATTAAGCCNGCCAGGAACTCTCTTGGGAGACGACCAGATCTACAATGTCATCGTCACTGCCCACGCATTTGTAATAATTTTCTTCATAGTCATGCCGATCCTAATCGGGGGCTTTGGTAACTGACTAGTCCCCATGATAATCGGGGCCCCTGACATAGCCTTTCCCCGGATAAATAACATAAGCTTCTGACTACTCCCACCGTCCTTCTTTCTCCTCTTGGCCTCCTCCACAGTTGAAGCCGGGGCGGGCACAGGCTGAACAGTCTATCCCCCCTTAGCCGGCAACCTGGCCCACGCAGGCCCATCCGTAGACCTAGCCATCTTTTCATTACATCTAGCCGGGGTGTCATCCATCCTAGGAGCCATCAATTTTATTACCACAATCATTAATATAAAGCCCGCATCCACAACACAATACCAAACACCCCTCTTCGTCTGATCAGTTCTGATCACTGCTGTCCTCCTGCTTCTTTCTCTTCCAGTTCTGGCCGCCGGAATCACTATACTTCTAACAGACCGAAATCTAAACACCACCTTTTTTGACCCTGCAGGGGGCGGAGACCCAGTTCTTTACCAACACCTATTC,,A-3845-2,,,,Nikolay Poyarkov,S,F,,A,Sakhalinskaya Oblast,,
971882,ABAAP072-08,BOLD:AAE0127,ZMMU_A-4212-2,NP-R-08-14,Zoological Museum of Moscow University,18,Chordata,50,Amphibia,219,Anura,1385,Ranidae,,,2939,Rana,191356,Rana sauteri,"Nikolay A. Poyarkov, Y. H. Chang",2007-02-12,23.219,120.816,,,Taichung,,Taiwan,2976093,COI-5P,,ACCCTCTACTTAATCTTTGGGGCCTGGGCCGGCATAATCGGAACAGCCCTAAGCCTTCTTATCCGGGCAGAATTAAGCCAACCGGGGACCCTCCTGGGAGATGACCAAATTTATAATGTCATCGTTACTGCCCACGCGTTTGTTATAATTTTCTTTATAGTCATGCCGATTCTAATTGGCGGCTTCGGAAACTGACTGGTTCCCCTGATGATCGGAGCCCCCGACATAGCCTTTCCTCGAATAAACAACATGAGCTTCTGACTACTCCCACCATCCTTTTTTCTCCTACTGGCTTCCTCCACAGTTGAAGCCGGAGCAGGCACGGGCTGAACAGTGTACCCCCCGTTAGCCGGAAATCTAGCCCACGCAGGCCCATCAGTAGACCTAGCTATCTTCTCATTACACCTGGCCGGAGTATCCTCCATTTTGGGGGCTATTAACTTTATCACAACGATTATGAATATGAAACCTGCATCTACATCGCAATACCAAACGCCCCTTTTTGTTTGATCTGTTTTAATCACTGCCGTCCTCCTGCTCCTCTCCCTCCCAGTTCTAGCCGCTGGGATTACTATGCTTCTTACTGACCGAAATCTAAACACTACTTTCTTCGACCCTGCGGGGGGCGGAGACCCAGTTCTCTACCAACACCTCTTC,,A-4212-2,,,,Nikolay Poyarkov,S,F,,A,Taichung City,,
971875,ABAAP065-08,BOLD:AAD9567,ZMMU_A-4213-6,NP-R-08-6,Zoological Museum of Moscow University,18,Chordata,50,Amphibia,219,Anura,1385,Ranidae,,,2939,Rana,191352,Rana ornativentris,"Nikolay A. Poyarkov, Y. H. Chang",2007-01-20,36.823,139.727,,,"Tochigi, Fujihara",,Japan,2976077,COI-5P,,-------------TCTTTGGGGCCTGAGCCGGCATAGTCGGGACAGCCCTAAGCCTTCTTATCCGGGCAGAGTTGAGCCAACCAGGAACTCTCTTAGGAGACGACCAAATCTACAATGTTATCGTTACTGCCCACGCATTTGTAATAATTTTCTTCATAGTTATGCCTATCCTAATCGGGGGCTTTGGCAACTGACTAGTCCCCCTGATAATCGGAGCCCCTGATATGGCCTTTCCTCGAATAAATAACATAAGCTTCTGACTACTCCCACCATCTTTTTTTCTCCTCTTAGCCTCCTCCACAGTTGAAGCCGGGGCGGGCACAGGCTGGACCGTCTATCCCCCCCTGGCCGGTAATCTGGCCCACGCAGGCCCATCGGTAGACCTAGCCATTTTCTCACTACACCTAGCCGGGGTATCATCCATCCTGGGGGCTATTAATTTTATTACAACAATTATTAATATAAAACCCGCATCCACAACACAATACCAAACACCCCTCTTTGTTTGATCGGTCCTAATCACTACCGTTCTCCTGCTTCTCTCCCTTCCAGTCCTAGCCGCCGGAATTACTATACTTCTTACAGACCGAAATCTAAACACTACCTTTTTTGACCCTGCAGGGGGTGGAGATCCAGTTCTTTATCAACATCTATTC,,A-4213-6,,,,Nikolay Poyarkov,S,F,,A,Kanto-chiho,,
971884,ABAAP074-08,BOLD:AAE0127,ZMMU_A-4212-4,NP-R-08-16,Zoological Museum of Moscow University,18,Chordata,50,Amphibia,219,Anura,1385,Ranidae,,,2939,Rana,191356,Rana sauteri,"Nikolay A. Poyarkov, Y. H. Chang",2007-02-12,23.219,120.816,,,Taichung,,Taiwan,2976091,COI-5P,,ACCCTCTACTTAATCTTTGGGGCCTGGGCCGGCATAATCGGAACAGCCCTAAGCCTTCTTATCCGGGCAGAATTAAGCCAACCGGGGACCCTCCTGGGAGATGACCAAATTTATAATGTCATCGTTACTGCCCACGCGTTTGTTATAATTTTCTTTATAGTCATGCCGATTCTAATCGGCGGCTTCGGAAACTGACTGGTTCCCCTGATGATCGGAGCCCCCGACATAGCCTTTCCTCGAATAAACAACATGAGCTTCTGACTACTCCCACCATCCTTTTTTCTCCTACTGGCTTCCTCCACAGTTGAAGCCGGAGCAGGCACGGGCTGAACAGTGTACCCCCCGTTGGCCGGAAATCTGGCCCACGCAGGCCCATCAGTAGACCTAGCTATCTTCTCATTACACCTGGCTGGAGTATCCTCCATTTTGGGGGCTATTAACTTTATCACAACGATCATGAATATAAAACCTGCATCTACATCGCAGTACCAAACGCCCCTTTTTGTCTGATCTGTTTTAATCACTGCCGTCCTCCTGCTCCTCTCCCTCCCAGTTCTAGCCGCTGGGATTACTATGCTTCTTACTGACCGAAATCTAAACACTACTTTCTTCGACCCTGCGGGGGGCGGAGACCCAGTTCTCTACCAACACCTCTTC,,A-4212-4,,,,Nikolay Poyarkov,S,M,,A,Taichung City,,
971887,ABAAP077-08,BOLD:AAB9952,ZMMU_A-4159-2,NP-R-08-19,Zoological Museum of Moscow University,18,Chordata,50,Amphibia,219,Anura,1385,Ranidae,,,2939,Rana,101465,Rana dybowskii,Evgeniy E. Dunayev,2006-08-12,43.153,132.877,,,Partizanskiy,,Russia,2976036,COI-5P,,ACCCTCTACCTAATCTTCGGGGCCTGAGCCGGCATGGTCGGAACAGCCCTAAGCCTTCTTATTCGAGCAGAATTAAGCCAACCGGGAACTCTCTTGGGGGACGACCAGATCTACAATGTTATCGTCACTGCCCACGCATTTGTAATGATTTTCTTTATAGTCATGCCAATCCTAATCGGGGGCTTTGGTAACTGACTAATCCCCATGATGATTGGAGCCCCTGACATAGCCTTCCCCCGGATAAATAATATGAGCTTCTGACTACTCCCACCGTCCTTCTTTCTCCTCTTAGCCTCCTCTACAGTTGAAGCTGGAGCAGGTACAGGCTGAACAGTCTATCCCCCTTTAGCTGGCAACCTAGCCCACGCGGGCCCATCGGTAGACCTAGCCATCTTCTCGCTACACCTGGCCGGGGTATCATCAATCCTGGGGGCAATCAATTTTATTACAACAATTATTAATATAAAACCCGCATCCACAACACAATACCAAACACCCCTGTTCGTCTGATCTGTTCTGATCACTGCTGTACTCCTGCTTCTTTCTCTTCCGGTCCTAGCCGCTGGAATTACTATACTTCTCACAGACCGAAATCTAAACACCACCTTTTTCGACCCTGCAGGGGGAGGAGACCCAGTTCTCTACCAGCACCTATTC,,A-4159-2,,,,Nikolay Poyarkov,S,F,,A,Primorskiy Kray,,
971889,ABAAP079-08,BOLD:AAB9952,ZMMU_A-4157-2,NP-R-08-21,Zoological Museum of Moscow University,18,Chordata,50,Amphibia,219,Anura,1385,Ranidae,,,2939,Rana,101465,Rana dybowskii,Evgeniy E. Dunayev,2006-08-12,42.794,131.252,,,Khasanskiy,,Russia,2976034,COI-5P,,ACCCTCTACCTAATCTTCGGGGCCTGAGCCGGCATGGTCGGAACAGCCCTAAGCCTTCTTATTCGAGCAGAATTAAGCCAACCGGGAACTCTCTTGGGGGACGACCAGATCTACAATGTTATCGTCACTGCCCACGCATTTGTAATGATTTTCTTTATAGTCATGCCAATCCTAATCGGGGGCTTTGGTAACTGACTAATCCCCATGATGATTGGAGCCCCTGACATAGCCTTCCCCCGGATAAATAATATGAGCTTCTGACTACTCCCACCGTCCTTCTTTCTCCTCTTAGCCTCCTCTACAGTTGAAGCTGGAGCAGGTACAGGCTGAACAGTCTATCCCCCTTTAGCTGGCAACCTAGCCCACGCGGGCCCATCGGTAGACCTAGCCATCTTCTCGCTACACCTGGCCGGGGTATCATCAATCCTGGGGGCAATCAATTTTATTACAACAATTATTAATATAAAACCCGCATCCACAACACAATACCAAACACCCCTGTTCGTCTGATCTGTTCTGATCACTGCTGTACTCCTGCTTCTTTCTCTTCCGGTCCTAGCCGCTGGAATTACCATACTTCTCACAGACCGAAATCTAAACACCACCTTTTTCGACCCTGCAGGGGGAGGAGACCCAGTTCTCTACCAGCACCTATTC,,A-4157-2,,,,Nikolay Poyarkov,S,F,,A,Primorskiy Kray,,
971891,ABAAP081-08,BOLD:AAB9951,ZMMU_A-4148-2,NP-R-08-23,Zoological Museum of Moscow University,18,Chordata,50,Amphibia,219,Anura,1385,Ranidae,,,2939,Rana,169274,Rana amurensis,Andrey A. Lissovsky,2007-08-14,53.478,120.752,,,Chita,Shilka and Grishkino rivers confluence,Russia,2975988,COI-5P,,ACCCTCTATTTTATCTTCGGGGCCTGAGCCGGCATAATCGGAACAGCTCTAAGCCTCCTCATTCGAGCGGAACTAAGTCAGCCAGGAACCCTCCTGGGAGACGATCAAATTTATAATGTCATCGTCACTGCCCACGCATTTGTAATAATTTTTTTTATAGTTATACCAATCCTAATTGGAGGCTTTGGCAATTGACTTATCCCCCTAATGATTGGAGCCCCTGATATAGCTTTCCCGCGAATAAACAACATAAGCTTCTGACTACTCCCACCCTCTTTTTTCCTTCTCTTGGCTTCCTCCATAGTTGAAGCCGGAGCAGGCACAGGCTGAACAGTTTACCCCCCACTAGCCAGCAATCTCGCCCACGCAGGCCCATCAGTAGATATGGCCATTTTTTCATTACATTTAGCTGGGGTATCCTCCATTCTAGGGGCCATTAATTTCATTACAACAATTATTAATATAAAACCCTCATCCACAACCCAATACCAAACCCCCCTCTTTGTTTGATCAGTCTTAATTACTGCTGTTCTCCTGCTTCTTTCCCTCCCTGTCCTAGCCGCCGGGATCACTATACTTCTTACAGACCGGAATCTGAACACTACCTTCTTTGATCCTGCTGGAGGCGGAGACCCAGTTCTCTACCAACACCTATTC,,A-4148-2,,,,Nikolay Poyarkov,S,M,,A,Zabaykalsky Kray,,
971892,ABAAP082-08,BOLD:AAB9951,ZMMU_A-4154-1,NP-R-08-24,Zoological Museum of Moscow University,18,Chordata,50,Amphibia,219,Anura,1385,Ranidae,,,2939,Rana,169274,Rana amurensis,Andrey A. Lissovsky,2007-08-14,49.549,117.837,,,Chita,"Abagaituy settlement, Argun river",Russia,2975987,COI-5P,,ACCCTCTATTTTATCTTCGGGGCCTGAGCCGGCATAATCGGAACAGCTCTAAGCCTCCTCATTCGAGCGGAACTAAGTCAGCCAGGAACCCTCCTGGGAGACGATCAAATTTATAATGTCATCGTCACTGCCCACGCATTTGTAATAATTTTTTTTATAGTTATACCAATCCTAATTGGAGGCTTTGGCAATTGACTTATCCCCCTAATGATTGGAGCCCCTGATATAGCTTTCCCGCGAATAAACAACATAAGCTTCTGACTACTCCCACCCTCTTTTTTCCTTCTCTTGGCTTCCTCCATAGTTGAAGCCGGAGCAGGCACAGGCTGAACAGTTTACCCCCCACTAGCCAGCAATCTCGCCCACGCAGGCCCATCAGTAGATATGGCCATTTTTTCATTACATTTAGCTGGGGTATCCTCCATTCTAGGGGCCATTAATTTCATTACAACAATTATTAATATAAAACCCTCATCCACAACCCAATACCAAACCCCCCTCTTTGTTTGATCAGTCTTAATTACTGCTGTTCTCCTGCTTCTTTCCCTCCCTGTCCTAGCCGCCGGGATCACTATACTTCTTACAGACCGGAATCTGAACACTACCTTCTTTGATCCTGCTGGAGGCGGAGACCCAGTTCTCTACCAACACCTATTC,,A-4154-1,,,,Nikolay Poyarkov,S,M,,A,Zabaykalsky Kray,,
971893,ABAAP083-08,BOLD:AAB9951,ZMMU_A-4154-2,NP-R-08-25,Zoological Museum of Moscow University,18,Chordata,50,Amphibia,219,Anura,1385,Ranidae,,,2939,Rana,169274,Rana amurensis,Andrey A. Lissovsky,2007-08-14,49.549,117.837,,,Chita,"Abagaituy settlement, Argun river",Russia,2975986,COI-5P,,----------------------------------------------------GCCTCCTCATTCGAGCGGAACTAAGTCAGCCAGGAACCCTCCTGGGAGACGATCAAATTTATAATGTCATCGTCACTGCCCACGCATTTGTAATAATTTTTTTTATAGTTATACCAATCCTAATTGGAGGCTTTGGCAATTGACTTATCCCCCTAATGATTGGAGCCCCTGATATAGCTTTCCCGCGAATAAACAACATAAGCTTCTGACTACTCCCACCCTCTTTTTTCCTTCTCTTGGCTTCCTCCATAGTTGAAGCCGGAGCAGGCACAGGCTGAACAGTTTACCCCCCACTAGCCAGCAATCTCGCCCACGCAGGCCCATCAGTAGATATGGCCATTTTTTCATTACATTTAGCTGGGGTATCCTCCATTCTAGGGGCCATTAATTTCATTACAACAATTATTAATATAAAACCCTCATCCACAACCCAATACCAAACCCCCCTCTTTGTTTGATCAGTCTTAATTACTGCTGTTCTCCTGCTTCTTTCCCTCCCTGTCCTAGCCGCCGGGATCACTATACTTCTTACAGACCGGAATCTGAACACTACCTTCTTTGATCCTGCTGGAGGCGGAGACCCAGTTCTCTACCAACACCTATTC,,A-4154-2,,,,Nikolay Poyarkov,S,F,,A,Zabaykalsky Kray,,
971903,ABAAP093-08,BOLD:AAB9951,ZMMU_A-3761-1,NP-R-08-35,Zoological Museum of Moscow University,18,Chordata,50,Amphibia,219,Anura,1385,Ranidae,,,2939,Rana,169274,Rana amurensis,Ilya V. Artiushin,2008-06-29,62.518,113.959,,,Mirniskiy,,Russia,2975981,COI-5P,,ACCCTCTATTTTATCTTCGGGGCCTGAGCCGGCATAATCGGAACAGCTCTAAGCCTCCTCATTCGAGCGGAACTAAGTCAGCCAGGAACCCTCCTGGGAGACGATCAAATTTATAATGTCATCGTCACTGCCCACGCATTTGTAATAATTTTTTTTATAGTTATACCAATCCTAATTGGAGGCTTTGGCAATTGACTTATCCCCCTAATGATTGGAGCCCCTGATATAGCTTTCCCGCGAATAAACAACATAAGCTTCTGACTACTCCCACCCTCTTTTTTCCTTCTCTTGGCTTCCTCCATAGTTGAAGCCGGAGCAGGCACAGGCTGAACAGTTTACCCCCCACTAGCCAGCAATCTCGCCCACGCAGGCCCATCAGTAGATATGGCCATTTTTTCATTACATTTAGCTGGGGTATCCTCCATTCTAGGGGCCATTAATTTCATTACAACAATTATTAATATAAAACCCTCATCCACAACCCAATACCAAACCCCCCTCTTTGTTTGATCAGTCTTAATTACTGCTGTTCTCCTGCTTCTTTCCCTCCCTGTCCTAGCCGCCGGGATCACTATACTTCTTACAGACCGGAATCTGAACACTACCTTCTTTGATCCTGCTGGAGGCGGAGACCCAGTTCTCTACCAACACCTATTC,,A-3761-1,,,,Nikolay Poyarkov,S,M,,A,Sakha-Yakutiya Republic,,
971910,ABAAP100-08,BOLD:AAD9547,ZMMU_A-4206-1,NP-R-08-42,Zoological Museum of Moscow University,18,Chordata,50,Amphibia,219,Anura,1385,Ranidae,,,2939,Rana,191355,Rana pirica,Igor A. Makarov,2008-06-05,48.653,142.538,,,Makarovskiy,,Russia,2976027,COI-5P,,------------------GGGGCCTGAGCCGGCATGGTCGGGACAGCCCTAAGCCTTCTTATTCGAGCAGAATTAAGCCAGCCAGGAACTCTCTTGGGAGACGACCAGATCTACAATGTCATCGTCACTGCCCACGCATTTGTAATAATTTTCTTCATAGTCATGCCGATCCTAATCGGGGGCTTTGGTAACTGACTAGTCCCCATGATAATCGGGGCCCCTGACATAGCCTTTCCCCGGATGAATAACATAAGCTTCTGACTACTCCCACCGTCCTTCTTTCTCCTCTTGGCCTCCTCCACAGTTGAAGCCGGGGCGGGCACAGGCTGAACAGTCTATCCCCCCTTAGCCGGCAACCTGGCCCACGCAGGCCCATCCGTAGACCTAGCCATCTTTTCATTACATCTAGCCGGGGTGTCATCCATCCTAGGAGCCATCAATTTTATTACCACAATCATTAATATAAAGCCCGCATCCACAACACAATACCAAACACCCCTCTTCGTCTGATCAGTTCTGATCACTGCTGTCCTCCTGCTTCTTTCTCTTCCAGTTCTAGCCGCCGGAATCACTATACTTCTAACAGACCGAAATCTAAACACCACCTTTTTTGACCCTGCAGGGGGCGGAGACCCAGTTCTTTACCAACACCTATTC,,A-4206,,,,Nikolay Poyarkov,S,M,,A,Sakhalinskaya Oblast,,
971912,ABAAP102-08,BOLD:AAD9547,ZMMU_A-4208-1,NP-R-08-44,Zoological Museum of Moscow University,18,Chordata,50,Amphibia,219,Anura,1385,Ranidae,,,2939,Rana,191355,Rana pirica,Igor A. Makarov,2008-06-19,52.318,142.847,,,Noglikskiy,,Russia,2976026,COI-5P,,ACCCTCTACTTAATCTTTGGGGCCTGAGCCGGCATGGTCGGGACAGCCCTAAGCCTTCTTATTCGAGCAGAATTAAGCCAGCCAGGAACTCTCTTGGGAGACGACCAGATCTACAATGTCATCGTCACTGCCCACGCATTTGTAATAATTTTCTTCATAGTCATGCCGATCCTAATCGGGGGCTTTGGTAACTGACTAGTCCCCATGATAATCGGGGCCCCTGACATAGCCTTTCCCCGGATGAATAACATAAGCTTCTGACTACTCCCACCGTCCTTCTTTCTCCTCTTGGCCTCCTCCACAGTTGAAGCCGGGGCGGGCACAGGCTGAACAGTCTATCCCCCCTTAGCCGGCAACCTGGCCCACGCAGGCCCATCCGTAGACCTAGCCATCTTTTCATTACATCTAGCCGGGGTGTCATCCATCCTAGGAGCCATCAATTTTATTACCACAATCATTAATATAAAGCCCGCATCCACAACACAATACCAAACACCCCTCTTCGTCTGATCAGTTCTGATCACTGCTGTCCTCCTGCTTCTTTCTCTTCCAGTTCTAGCCGCCGGAATCACTATACTTCTAACAGACCGAAATCTAAACACCACCTTTTTTGACCCTGCAGGGGGCGGAGACCCAGTTCTTTACCAACACCTATTC,,A-4208,,,,Nikolay Poyarkov,S,M,,A,Sakhalinskaya Oblast,,
971913,ABAAP103-08,BOLD:AAD9547,ZMMU_A-4207-1,NP-R-08-45,Zoological Museum of Moscow University,18,Chordata,50,Amphibia,219,Anura,1385,Ranidae,,,2939,Rana,191355,Rana pirica,Igor A. Makarov,2008-06-20,52.37,143.011,,,Noglikskiy,,Russia,2976025,COI-5P,,ACCCTCTACTTAATCTTTGGGGCCTGAGCCGGCATGGTCGGGACAGCCCTAAGCCTTCTTATTCGAGCAGAATTAAGCCAGCCAGGAACTCTCTTGGGAGACGACCAGATCTACAATGTCATCGTCACTGCCCACGCATTTGTAATAATTTTCTTCATAGTCATGCCGATCCTAATCGGGGGCTTTGGTAACTGACTAGTCCCCATGATAATCGGGGCCCCTGACATAGCCTTTCCCCGGATGAATAACATAAGCTTCTGACTACTCCCACCGTCCTTCTTTCTCCTCTTGGCCTCCTCCACAGTTGAAGCCGGGGCGGGCACAGGCTGAACAGTCTATCCCCCCTTAGCCGGCAACCTGGCCCACGCAGGCCCATCCGTAGACCTAGCCATCTTTTCATTACATCTAGCCGGGGTGTCATCCATCCTAGGAGCCATCAATTTTATTACCACAATCATTAATATAAAGCCCGCATCCACAACACAATACCAAACACCCCTCTTCGTCTGATCAGTTCTGATCACTGCTGTCCTCCTGCTTCTTTCTCTTCCAGTTCTAGCCGCCGGAATCACTATACTTCTAACAGACCGAAATCTAAACACCACCTTTTTTGACCCTGCAGGGGGCGGAGACCCAGTTCTTTACCAACACCTATTC,,A-4207,,,,Nikolay Poyarkov,S,M,,A,Sakhalinskaya Oblast,,
971914,ABAAP104-08,BOLD:AAD9547,ZMMU_A-4205-1,NP-R-08-46,Zoological Museum of Moscow University,18,Chordata,50,Amphibia,219,Anura,1385,Ranidae,,,2939,Rana,191355,Rana pirica,Igor A. Makarov,2008-06-20,52.316,143.022,,,Sakhalinskaya Oblast,"Sakhalin Island, Val settlement, Askasai river",Russia,2976024,COI-5P,,ACCCTCTACTTAATCTTTGGGGCCTGAGCCGGCATGGTCGGGACAGCCCTAAGCCTTCTTATTCGAGCAGAATTAAGCCAGCCAGGAACTCTCTTGGGAGACGACCAGATCTACAATGTCATCGTCACTGCCCACGCATTTGTAATAATTTTCTTCATAGTCATGCCGATCCTAATCGGGGGCTTTGGTAACTGACTAGTCCCCATGATAATCGGGGCCCCTGACATAGCCTTTCCCCGGATGAATAACATAAGCTTCTGACTACTCCCACCGTCCTTCTTTCTCCTCTTGGCCTCCTCCACAGTTGAAGCCGGGGCGGGCACAGGCTGAACAGTCTATCCCCCCTTAGCCGGCAACCTGGCCCACGCAGGCCCATCCGTAGACCTAGCCATCTTTTCATTACATCTAGCCGGGGTGTCATCCATCCTAGGAGCCATCAATTTTATTACCACAATCATTAATATAAAGCCCGCATCCACAACACAATACCAAACACCCCTCTTCGTCTGATCAGTTCTGATCACTGCTGTCCTCCTGCTTCTTTCTCTTCCAGTTCTAGCCGCCGGAATCACTATACTTCTAACAGACCGAAATCTAAACACCACCTTTTTTGACCCTGCAGGGGGCGGAGACCCAGTTCTTTACCAACACCTATTC,,A-4205,,,,Nikolay Poyarkov,S,F,,A,Sakhalinskaya Oblast,,
971915,ABAAP105-08,BOLD:AAB9951,ZMMU_A-4203-1,NP-R-08-47,Zoological Museum of Moscow University,18,Chordata,50,Amphibia,219,Anura,1385,Ranidae,,,2939,Rana,169274,Rana amurensis,Igor A. Makarov,2008-06-20,,,,,Noglikskiy,,Russia,2975978,COI-5P,,ACCCTCTATTTTATCTTCGGGGCCTGAGCCGGCATAATCGGAACAGCTCTAAGCCTCCTCATTCGAGCGGAACTAAGTCAGCCAGGAACCCTCCTGGGAGACGATCAAATTTATAATGTCATCGTCACTGCCCACGCATTTGTAATAATTTTTTTTATAGTTATACCAATCCTAATTGGAGGCTTTGGCAATTGACTTATCCCCCTAATGATTGGAGCCCCTGATATAGCTTTCCCGCGAATAAACAACATAAGCTTCTGACTACTCCCACCCTCTTTTTTCCTTCTCTTGGCCTCCTCCATAGTTGAAGCCGGAGCAGGCACAGGCTGAACAGTTTACCCCCCACTAGCCAGCAATCTCGCCCACGCAGGCCCATCAGTAGACATGGCCATTTTTTCATTACATTTAGCTGGGGTATCCTCCATTCTAGGGGCCATTAATTTCATTACAACAATTATTAATATAAAACCCTCATCCACAACCCAATACCAAACCCCCCTCTTTGTTTGATCAGTCTTAATTACTGCTGTTCTCCTGCTTCTTTCCCTCCCTGTCCTAGCCGCCGGGATCACTATACTTCTTACAGACCGGAATCTGAACACTACCTTCTTTGATCCTGCTGGAGGCGGAGACCCAGTTCTCTACCAACACCTATTC,,A-4203,,,,Nikolay Poyarkov,S,M,,A,Sakhalinskaya Oblast,,
971925,ABAAP115-08,BOLD:AAE7567,ZMMU_NP-R-08-57,NP-R-08-57,Zoological Museum of Moscow University,18,Chordata,50,Amphibia,219,Anura,1385,Ranidae,,,2939,Rana,169277,Rana macrocnemis,Nikolay A. Poyarkov,2007-06-29,37.558,43.25,,,Beytussebap,,Turkey,2976050,COI-5P,,ACCCTCTACTTAATCTTTGGGGCCTGAGCCGGCATGGTCGGGACAGCCCTAAGCCTACTTATTCGAGCAGAACTGAGTCAACCTGGGACTCTCTTGGGAGACGACCAAATTTATAATGTCATCGTCACTGCCCACGCATTTGTGATGATTTTTTTCATAGTTATGCCTATCCTAATCGGAGGCTTCGGAAACTGGCTGATCCCACTAATAATTGGGGCCCCTGACATAGCCTTCCCCCGAATAAATAACATAAGCTTTTGGCTGCTGCCCCCATCCTTTTTTCTTCTTCTAGCCTCTTCTACAGTCGAAGCCGGAGCAGGCACAGGCTGAACAGTCTACCCCCCATTAGCTGGTAACCTAGCCCACGCGGGCCCATCAGTAGACCTGGCTATCTTCTCGTTACATCTGGCTGGGGTGTCATCTATCCTAGGAGCCATTAATTTTATTACCACAATTATTAACATAAAACCCGCCTCTACTACGCAGTACCAAACACCCCTCTTTGTTTGGTCAGTACTAATTACTGCTGTACTCCTACTTCTTTCCCTCCCAGTCCTTGCCGCCGGGATTACCATGCTTCTCACGGACCGAAATCTAAACACCACCTTCTTTGATCCCGCAGGGGGTGGGGACCCAGTTCTCTACCAACACTTGTTC,,,,,,Nikolay Poyarkov,S,F,,A,Hakkari,,
971935,ABAAP125-08,BOLD:AAL1420,ZMMU_NP-R-08-67,NP-R-08-67,Zoological Museum of Moscow University,18,Chordata,50,Amphibia,219,Anura,1385,Ranidae,,,2939,Rana,599914,Rana arvalis,Ilya V. Artiushin,2008-06-13,62.29,89.041,,,Turkhanskiy,,Russia,2975998,COI-5P,,ACCCTCTACTTAATCTTTGGGGCCTGAGCCGGCATAGTCGGGACGGGCCTGAGTCTACTTATTCGAGCAGAACTAAGCCAACCCGGTACCCTCCTGGGAGATGACCAAATTTATAATGTCATTGTTACTGCCCACGCATTCGTAATAATTTTCTTCATAGTCATGCCTATCCTAATTGGAGGCTTTGGCAACTGACTAGTCCCGCTAATAATTGGAGCCCCTGACATAGCCTTCCCCCGAATAAATAACATAAGCTTCTGGCTACTCCCCCCATCCTTCTTTCTCCTCCTAGCTTCTTCCACAGTTGAAGCCGGGGCGGGCACAGGCTGAACAGTCTACCCCCCATTAGCTGGCAACCTAGCCCACGCAGGTCCATCAGTAGATCTGGCTATCTTCTCCCTTCACCTGGCCGGGGTATCATCCATCCTTGGGGCCATTAACTTTATTACAACAATTATTAATATGAAGCCTGCCTCCACAACACAATACCAAACACCCCTGTTTGTTTGGTCAGTACTAATTACTGCTGTACTTCTACTTCTTTCCCTCCCAGTCCTGGCCGCCGGAATTACTATACTCCTCACAGACCGAAATTTAAATACTACCTTCTTTGACCCTGCCGGAGGCGGAGACCCAGTTCTCTATCAACATCTGTTC,,,,,,Nikolay Poyarkov,S,F,,A,Krasnoyarskiy Kray,,
971942,ABAAP132-08,BOLD:AAC3626,ZMMU_NP-R-08-74,NP-R-08-74,Zoological Museum of Moscow University,18,Chordata,50,Amphibia,219,Anura,195623,Dicroglossidae,195624,Dicroglossinae,2946,Fejervarya,402558,Fejervarya sakishimensis,Iizuka Koji,1998-04-04,34.435,131.447,,,"Yamaguchi-ken, Hagi-ku",,Japan,2975906,COI-5P,,ACAATATATCTAATTTTTGGCGCATGAGCAGGAATAATCGGAACTGCCCTTAGCCTCCTCATCCGGGCTGAATTAAGCCAGCCTGGGGCCCTCCTTGGAGATGATCAAATCTATAATGTTGTAGTTACAGCTCATGCTTTCGTTATAATCTTCTTCATGGTAATACCTATCCTGATCGGGGGCTTCGGGAATTGACTGATTCCCCTAATGATCGGAGCCCCGGATATGGCCTTCCCCCGCATAAATAACATGAGTTTCTGGCTGCTCCCACCATCATTTTTTCTTCTCCTTGCCTCTTCCACTGTAGAAGCCGGAGCAGGAACCGGATGGACCGTTTACCCACCCCTAGCAGGTAATCTTGCTCACGCAGGCCCCTCTGTAGACTTGGCCATTTTTTCCCTTCATTTAGCCGGAGTTTCCTCTATTCTAGGGGCCATTAATTTCATCACAACAATTATTAACATAAAGCCACCATCTACCACACAATATCAAACCCCACTATTTGTTTGATCCGTGTTGATTACTGCAGTTCTTCTTCTCCTCTCCCTACCTGTTCTAGCTGCAGGAATCACTATGCTCCTAACGGATCGTAATCTTAACACATCCTTTTTTGACCCAGCCGGTGGAGGCGACCCAATTCTTTATCAACACCTGTTC,,,,,,Nikolay Poyarkov,S,M,TYMS-IK-R.l.-1,A,,,
971943,ABAAP133-08,BOLD:AAD9547,ZMMU_NP-R-08-75,NP-R-08-75,Zoological Museum of Moscow University,18,Chordata,50,Amphibia,219,Anura,1385,Ranidae,,,2939,Rana,191355,Rana pirica,Igor A. Makarov,2008-06-25,49.933,143.575,,,Sakhalin,,Russia,2976082,COI-5P,,--------------------GGCCTGAGCCGGCATGGTCGGGACAGCCCTAAGCCTTCTTATTCGAGCAGAATTAAGCCAGCCAGGAACTCTCTTGGGAGACGACCAGATCTACAATGTCATCGTCACTGCCCACGCATTTGTAATAATTTTCTTCATAGTCATGCCGATCCTAATCGGGGGCTTTGGTAACTGACTAGTCCCCATGATAATCGGGGCCCCTGACATAGCCTTTCCCCGGATGAATAACATAAGCTTCTGACTACTCCCACCGTCCTTCTTTCTCCTCTTGGCCTCCTCCACAGTTGAAGCCGGAGCGGGCACAGGCTGAACAGTCTATCCCCCCTTAGCCGGCAACCTGGCCCACGCAGGCCCATCCGTAGACCTAGCCATCTTTTCATTACATCTAGCCGGGGTGTCATCCATCCTAGGAGCCATCAATTTTATTACCACAATCATTAATATAAAGCCCGCATCCACAACACAATACCAAACACCCCTCTTCGTCTGATCAGTTCTGATCACTGCTGTCCTCCTGCTTCTTTCTCTTCCAGTTCTAGCCGCCGGAATCACTATACTTCTAACAGACCGAAATCTAAACACCACCTTTTTTGACCCTGCAGGGGGCGGAGACCCAGTTCTTTACCAACACCTATTC,,,,,,Nikolay Poyarkov,S,F,,A,Sakhalinskaya Oblast,,
971956,ABAAP146-08,BOLD:ACE5152,ZMMU_NP-PA-B-110-1,NP-PA-B-110-1,Zoological Museum of Moscow University,18,Chordata,50,Amphibia,219,Anura,1384,Bufonidae,,,4294,Bufo,195628,Bufo verrucosissimus,Anna B. Vasilyeva,2008-07-10,41.876,43.366,,,Borzhomi,,Georgia,2975888,COI-5P,,ACCCTGTACCTTATCTTTGGGGCCTGAGCAGGAATAGTTGGAACTGCCCTTAGCCTTCTCATTCGAGCTGAGCTGAGCCAACCAGGTTCCCTCCTAGGCGATGACCAGATCTACAATGTCATTGTTACTGCCCATGCCTTCGTCATAATTTTCTTTATGGTCATACCTATTCTAATTGGTGGTTTCGGTAATTGACTTGTTCCCCTTATAATTGGGGCCCCTGATATGGCCTTTCCCCGGATAAATAATATGAGCTTTTGGTTACTCCCACCATCATTCCTTCTCCTCCTAGCTTCCGCTGGAGTAGAAGCTGGGGCAGGGACCGGCTGAACCGTTTATCCTCCCCTAGCCGGAAATCTCGCTCACGCGGGCCCATCAGTAGACTTAACTATTTTCTCTCTGCATCTTGCAGGTGTATCATCTATTCTGGGGGCAATTAATTTTATCACCACAACCCTAAACATAAAACCTCCATCAATAACCCAGTACCAAACTCCTCTATTCGTGTGATCTGTTCTAATTACCGCTGTTCTACTTCTACTTTCTCTACCAGTGCTTGCCGCAGGGATTACCATACTCCTTACCGACCGAAATTTAAATACAACATTTTTTGACCCTGCCGGAGGGGGTGATCCTATTCTATACCAACATCTCTTT,,,,,,Nikolay Poyarkov,S,,Bufo,I,,,
971957,ABAAP147-08,BOLD:ACE5152,ZMMU_NP-PA-B-110-2,NP-PA-B-110-2,Zoological Museum of Moscow University,18,Chordata,50,Amphibia,219,Anura,1384,Bufonidae,,,4294,Bufo,195628,Bufo verrucosissimus,Anna B. Vasilyeva,2008-07-10,41.876,43.366,,,Borzhomi,,Georgia,2975887,COI-5P,,ACCCTGTACCTTATCTTTGGGGCCTGAGCAGGAATAGTTGGAACTGCCCTTAGCCTTCTCATTCGAGCTGAGCTGAGCCAACCAGGTTCCCTCCTAGGCGATGACCAGATCTACAATGTCATTGTTACTGCCCATGCCTTCGTCATAATTTTCTTTATGGTCATACCTATTCTAATTGGTGGTTTCGGTAATTGACTTGTTCCCCTTATAATTGGGGCCCCTGATATGGCCTTTCCCCGGATAAATAATATGAGCTTTTGGTTACTCCCACCATCATTCCTTCTCCTCCTAGCTTCCGCTGGAGTAGAAGCTGGGGCAGGGACCGGCTGAACCGTTTATCCTCCCCTAGCCGGAAATCTCGCTCACGCGGGCCCATCAGTAGACTTAACTATTTTCTCTCTGCATCTTGCAGGTGTATCATCTATTCTGGGAGCAATTAATTTTATCACCACAACCCTAAACATAAAACCTCCATCAATAACCCAGTACCAAACTCCTCTATTCGTGTGATCTGTTCTAATTACCGCTGTTCTACTTCTACTTTCTCTACCAGTGCTTGCCGCAGGGATTACCATACTCCTTACCGACCGAAATTTAAATACAACATTTTTTGACCCTGCCGGAGGGGGTGATCCTATTCTATACCAACATCTCTTT,,,,,,Nikolay Poyarkov,S,,Bufo,I,,,
971969,ABAAP159-08,BOLD:AAI8393,ZMMU_NP-JIK-A-3,Bbf-1-95-1,Zoological Museum of Moscow University,18,Chordata,50,Amphibia,219,Anura,1384,Bufonidae,,,4294,Bufo,152623,Bufo japonicus,Iizuka Koji,1996-05-10,35.486,134.59,,,Hyogo,"Honshu, Muraoka",Japan,2975867,COI-5P,,ACCCTATATCTTATTTTTGGGGCCTGAGCAGGAATAGTGGGAACTGCCCTTAGCCTCCTCATCCGGGCTGAGCTAAGTCAACCCGGCTCCCTCTTGGGCGATGACCAGATTTACAATGTCATCGTTACTGCCCATGCCTTCGTCATAATTTTTTTTATGGTCATACCCATCCTAATCGGGGGCTTCGGTAATTGACTTGTTCCCCTGATAATTGGAGCCCCTGACATAGCCTTTCCCCGAATAAATAACATGAGCTTTTGATTACTTCCCCCATCGTTTTTACTCCTTTTGGCATCCGCTGGGGTTGAAGCGGGAGCAGGAACCGGCTGAACCGTATACCCCCCACTGGCCGGAAACCTCGCACACGCAGGCCCATCAGTTGACTTAACCATCTTCTCCCTTCATCTCGCGGGTGTATCGTCCATCCTGGGGGCTATTAATTTTATCACAACAACCCTTAACATAAAACCCCCATCGATAACCCAATACCAAACACCCCTATTTGTGTGATCTGTCTTAATCACTGCTGTCCTACTCCTGCTCTCCCTACCAGTCCTCGCCGCAGGAATTACCATACTCCTCACCGACCGAAACTTAAACACAACATTTTTTGACCCTGCTGGAGGAGGCGATCCTGTCCTCTATCAACATCTCTTT,,,,,,Nikolay Poyarkov,S,F,Bufo,A,Kinki,191373,Bufo japonicus formosus
971974,ABAAP164-08,BOLD:AAD6744,ZMMU_NP-PA-R-112-1,NP-PA-R-112-1,Zoological Museum of Moscow University,18,Chordata,50,Amphibia,219,Anura,1385,Ranidae,,,101466,Pelophylax,101471,Pelophylax ridibundus,Nikolay A. Poyarkov,2008-08-27,43.573,39.767,,,Sochi,,Russia,2975967,COI-5P,,ACCCTTTACTTAATCTTTGGTGCATGAGCCGGAATGGTCGGTACAGCTCTCAGCCTGCTTATTCGAGCAGAGCTTAGCCAACCTGGAACTCTCCTCGGTGATGACCAAATTTATAATGTAATTGTCACTGCTCATGCCTTCGTTATAATTTTCTTCATAGTTATGCCCATTCTAATCGGGGGCTTTGGAAATTGACTCGTGCCACTCATGATTGGCGCTCCTGATATGGCCTTTCCCCGAATAAACAACATGAGTTTTTGACTCTTACCCCCCTCCTTCTTTCTTCTTCTAGCATCCTCCACGGTTGAAGCCGGGGCAGGCACAGGCTGAACTGTCTATCCTCCCCTGGCGGGAAACCTTGCTCATGCAGGACCCTCTGTAGACCTAGCCATCTTTTCTCTTCATTTGGCTGGGGTTTCGTCAATTTTGGGGGCCATCAACTTTATTACAACAATTATCAACATGAAGCCCACATCAATCACGCAATACCAAACACCCCTTTTTGTTTGATCTGTACTAATCACCGCTGTTCTACTTCTTCTTTCCCTCCCAGTTCTAGCAGCAGGTATCACAATACTGTTGACCGATCGAAACTTAAACACAACATTTTTTGATCCCGCAGGCGGAGGGGACCCCGTTCTTTACCAACACCTGTTT,,,,,,Nikolay Poyarkov,S,M,,A,Krasnodarskiy Kray,,
971975,ABAAP165-08,BOLD:AAD6744,ZMMU_NP-PA-R-112-2,NP-PA-R-112-2,Zoological Museum of Moscow University,18,Chordata,50,Amphibia,219,Anura,1385,Ranidae,,,101466,Pelophylax,101471,Pelophylax ridibundus,Nikolay A. Poyarkov,2008-08-27,43.573,39.767,,,Sochi,,Russia,2975966,COI-5P,,ACCCTTTACTTAATCTTTGGTGCATGAGCCGGAATGGTCGGTACAGCTCTCAGCCTGCTTATTCGAGCAGAGCTTAGCCAACCTGGAACTCTCCTCGGTGATGACCAAATTTATAATGTAATTGTCACTGCTCATGCCTTCGTTATAATTTTCTTCATAGTTATGCCCATTCTAATCGGGGGCTTTGGAAATTGACTCGTGCCACTCATGATTGGCGCTCCTGATATGGCCTTTCCCCGAATAAACAACATGAGTTTTTGACTCTTACCCCCCTCCTTCTTTCTTCTTCTAGCATCCTCCACGGTTGAAGCCGGGGCAGGCACAGGCTGAACTGTCTATCCTCCCCTGGCGGGAAACCTTGCTCATGCAGGACCCTCTGTAGACCTAGCCATCTTTTCTCTTCATTTGGCTGGGGTTTCGTCAATTTTGGGGGCCATCAACTTTATTACAACAATTATCAACATGAAGCCCACATCAATCACGCAATACCAAACACCCCTTTTTGTTTGATCTGTACTAATCACCGCTGTTCTACTTCTTCTTTCCCTCCCAGTTCTAGCAGCAGGTATCACAATACTGTTGACCGATCGAAACTTAAACACAACATTTTTTGATCCCGCAGGCGGAGGGGACCCCGTTCTTTACCAACACCTGTTT,,,,,,Nikolay Poyarkov,S,F,,A,Krasnodarskiy Kray,,
971989,ABAAP179-08,BOLD:AAE5180,ZMMU_NP-PA-HYL-102-1,NP-PA-HYL-102-1,Zoological Museum of Moscow University,18,Chordata,50,Amphibia,219,Anura,1381,Hylidae,101478,Hylinae,4292,Hyla,503022,Hyla orientalis,Nikolay A. Poyarkov,2005-06-19,44.699,34.249,,,Alushta,,Ukraine,2975909,COI-5P,,ACCTTATATCTAGTATTTGGGGCCTGAGCTGGCATAGTCGGCACAGCCCTCAGTCTTTTGATTCGAGCAGAGCTAAGTCAGCCCGGATCCCTTCTGGGCGATGACCAAATTTATAATGTCATTGTTACAGCCCACGCCTTCGTCATAATTTTCTTTATGGTAATACCCATTCTAATCGGCGGATTTGGAAACTGACTTATTCCCTTAATAATCGGCGCACCCGATATGGCTTTCCCACGAATAAATAATATAAGCTTCTGACTTCTCCCCCCATCCTTTCTTCTTCTCTTAGCCTCAGCAGGCGTTGAAGCAGGGGCCGGTACTGGGTGAACTGTTTACCCGCCTCTTGCCGGAAACCTAGCGCACGCCGGACCCTCCGTTGACTTGACTATTTTTTCCCTACATCTTGCAGGTGTCTCTTCAATTCTAGGGGCCATTAATTTTATTACCACAATTCTTAATATAAAACCCCCATCCATAACACAGTATCAAACCCCTCTGTTCGTCTGATCCGTCCTAATTACTGCTGTACTTCTACTCCTTTCCCTCCCCGTCTTAGCGGCAGGCATTACCATGCTTCTCACTGATCGTAATTTAAACACAACATTCTTTGACCCTGCGGGAGGAGGGGACCCCGTCTTGTATCAACATCTATTT,,,,,,Nikolay Poyarkov,S,F,,A,Krym,,
971990,ABAAP180-08,BOLD:AAE5180,ZMMU_NP-PA-HYL-102-2,NP-PA-HYL-102-2,Zoological Museum of Moscow University,18,Chordata,50,Amphibia,219,Anura,1381,Hylidae,101478,Hylinae,4292,Hyla,503022,Hyla orientalis,Nikolay A. Poyarkov,2005-06-19,44.699,34.249,,,Alushta,,Ukraine,2975908,COI-5P,,ACCCTATATCTAGTATTTGGGGGCTGAGCTGGCATAGTCGGCACAGCCCTCAGTCTTTTGATTCGAGCAGAGCTAAGCCAGCCCGGATCCCTTCTGGGCGATGACCAAATTTATAATGTCATTGTTACAGCCCACGCCTTCGTCATAATTTTCTTTATGGTAATACCCATTCTAATCGGCGGATTTGGAAACTGACTTATTCCCCTAATAATCGGCGCACCCGATATGGCTTTCCCACGAATAAATAATATAAGCTTCTGACTTCTCCCCCCATCCTTTCTTCTTCTCTTAGCCTCAGCAGGCGTTGAAGCAGGAGCCGGTACTGGGTGAACTGTTTACCCGCCTCTTGCCGGAAACCTAGCGCACGCCGGACCCTCCGTTGACTTGACTATTTTTTCCCTACATCTTGCAGGTGTCTCTTCAATTCTAGGGGCCATTAATTTTATTACCACGATTCTTAATATAAAACCCCCATCCATAACACAGTATCAAACCCCTCTGTTCGTTTGATCCGTTCTAATTACTGCTGTACTTCTACTCCTTTCCCTCCCCGTCTTAGCGGCAGGCATTACTATGCTTCTCACTGATCGTAATTTAAACACAACATTCTTTGACCCTGCGGGAGGAGGAGACCCCGTCTTGTATCAACATCTATTT,,,,,,Nikolay Poyarkov,S,M,,A,Krym,,
971997,ABAAP187-08,BOLD:AAC5952,ZMMU_NP-PA-B-3-1,NP-PA-B-3-1,Zoological Museum of Moscow University,18,Chordata,50,Amphibia,219,Anura,1384,Bufonidae,,,751478,Bufotes,771615,Bufotes viridis,Nikolay A. Poyarkov,2006-04-14,36.848,40.032,,,"Guneydogu Anadolu, Ceylanpinar",,Turkey,2975897,COI-5P,,ACTCTGTACTTAATCTTTGGCGCTTGAGCAGGAATGGTGGGAACTGCACTCAGCCTCCTTATTCGAGCTGAGTTAAGTCAACCAGGCTCCCTCTTAGGCGACGATCAAATTTATAATGTCATTGTCACTGCTCATGCTTTTGTGATAATTTTCTTTATAGTTATGCCCATTCTCATTGGTGGCTTTGGTAATTGACTTGTGCCACTAATAATTGGGGCCCCTGATATAGCCTTTCCCCGAATAAATAATATAAGTTTTTGACTTCTCCCGCCCTCATTTCTTCTACTTCTGGCCTCCGCCGGGGTAGAAGCTGGGGCTGGTACCGGTTGAACCGTTTATCCCCCCTTGGCTGGTAATCTTGCCCACGCAGGGCCGTCAGTTGATTTAACTATCTTCTCCCTTCATCTAGCAGGCGTATCATCTATTCTTGGGGCAATTAACTTTATTACCACAACCCTAAACATGAAGCCCCCTTCGATAACCCAGTATCAAACCCCATTATTTGTGTGATCCGTGTTAATTACTGCTGTCCTTCTCCTCCTCTCCCTACCAGTTCTTGCAGCAGGTATTACCATACTTCTGACCGATCGAAACTTAAACACAACATTTTTTGACCCTGCTGGCGGGGGTGACCCAATCCTCTACCAACATCTCTTT,,,,,,Nikolay Poyarkov,S,F,Pseudoepidalea,A,Sanliurfa,,
971947,ABAAP137-08,BOLD:AAD9631,ZMMU_NP-R-08-79,NP-R-08-79,Zoological Museum of Moscow University,18,Chordata,50,Amphibia,219,Anura,1385,Ranidae,,,2939,Rana,191368,Rana asiatica,Nikolay A. Poyarkov,2007-09-18,42.491,79.281,,,Dzharkent district,,Kazakhstan,2976021,COI-5P,,ACCCTCTACTTAATCTTTGGGGCCTGAGCCGGCATGGTCGGGACAGCCCTGAGCCTACTTATTCGAGCAGAACTGAGCCAACCCGGAACTCTCCTTGGAGACGACCAAATCTATAATGTTATCGTTACTGCCCACGCATTCGTAATAATTTTCTTCATAGTCATACCGATTCTAATCGGAGGCTTTGGGAACTGACTGATCCCGCTAATGATTGGGGCCCCCGACATGGCCTTCCCCCGAATAAACAACATAAGCTTCTGGCTACTCCCCCCCTCCTTTTTTCTCCTCCTGGCTTCCTCCACAGTTGAAGCCGGGGCGGGAACAGGCTGAACAGTCTACCCCCCATTAGCTGGTAATCTAGCCCACGCAGGCCCATCAGTAGACCTGGCCATTTTCTCATTACACCTGGCCGGAGTTTCATCAATCCTTGGAGCCATCAATTTTATTACGACAATCATCAATATAAAACCTGCATCCACAACACAATACCAAACACCTCTCTTCGTCTGATCAGTACTAATCACCGCCGTACTCCTACTTCTTTCCCTCCCAGTCCTGGCCGCCGGAATCACTATACTTCTCACAGACCGAAACTTAAACACCACCTTTTTTGACCCCGCAGGGGGGGGAGACC-----------------------,,,,,,Nikolay Poyarkov,S,F,,A,Almaty,,
971993,ABAAP183-08,BOLD:AAE7125,ZMMU_NP-PA-PE-113-2,NP-PA-PE-113-2,Zoological Museum of Moscow University,18,Chordata,50,Amphibia,219,Anura,101500,Pelodytidae,,,101501,Pelodytes,101502,Pelodytes caucasicus,Evgeniya N. Solovyeva,2007-06-18,43.679,40.453,,,Sochi,,Russia,2975958,COI-5P,,ACCTTATATTTAATCTTCGGTGCCTGAGCAGGCATGGTCGGTACCGCACTAAGCTTATTAATTCGGGCAGAACTAAGTCAACCCGGAACTCTGCTTGGAGATGACCAAATTTACAATGTAGTTGTTACTGCCCATGCTTTCGTAATGATTTTTTTTATGGTTATGCCTATTATGATTGGGGGATTTGGAAATTGACTAATTCCTTTAATAATTGGGGCCCCTGATATAGCCTTTCCTCGAATAAATAATATAAGCTTCTGGTTATTACCACCCTCTTTTTTACTTCTTCTTGCCTCATCCACTGTAGAAGCTGGGGCTGGTACCGGTTGAACCGTATACCCGCCCCTCGCAAGCAATCTTGCACACGCAGGGGCTTCTGTTGATTTGACTATCTTTTCTTTGCATCTTGCTGGAATTTCTTCAATTTTAGGGGCTATTAATTTTATTACAACTATTTTAAATATGAAGCCCCCAGCTATAACCCAATACCAAACCCCTTTATTTGTATGGTCTGTTCTAATTACTGCCGTACTTCTACTATTATCACTCCCCGTTTTAGCCGCCGGAATTACTATATTACTTACAGACCGAAATTTAAATACAACATTTTTTGACCCAGCTGGGGGAGGAGATCCTGTTTTATATCAACACCTTTTT,,,,,,Nikolay Poyarkov,S,F,,A,Krasnodarskiy Kray,,
972002,ABAAP192-08,BOLD:AAB9478,TPNU_A346-1,A346,"National Taiwan Normal University, Department of Life Science",18,Chordata,50,Amphibia,219,Anura,25169,Microhylidae,112135,Microhylinae,25170,Microhyla,25171,Microhyla heymonsi,Lin Yen-Po,2006-05-12,22.617,120.6,,,Pintung County,,Taiwan,2975940,COI-5P,,ACCCTTTACTTAATTTTTGGTGCCTGAGCTGGAATAGTGGGCACTGCCCTTAGTCTCCTAATTCGTGCGGAACTTAGCCAACCTGGCACTCTTTTAGGGGATGACCAAATTTATAATGTTATCGTCACTGCTCACGCATTTGTGATAATTTTCTTCATAGTTATACCAATTATAATTGGGGGTTTTGGTAACTGACTAGTTCCCTTAATAATTGGAGCCCCAGACATAGCATTTCCTCGAATAAATAACATAAGCTTTTGACTTCTCCCTCCATCATTCCTTTTACTCTTAGCCTCATCAGCCGTAGAAGCCGGGGCAGGAACAGGATGAACTGTTTATCCACCTCTAGCTGGCAACCTCGCACATGCAGGCCCATCGGTAGATTTAACAATTTTTTCTCTTCATCTAGCCGGAGTCTCATCAATTTTAGGCGCAATTAATTTTATTACTACTATTATTAATATAAAACCCCCATCTGTCACTCAATACCAAACACCCCTCTTTGTCTGATCTGTTTTAATTACTGCAGTACTTCTTCTTCTATCCCTCCCTGTTCTTGCTGCTGGCATTACAATACTTTTAACTGACCGCAACCTAAATACAACATTTTTTGACCCTGCGGGGGGAGGAGATCCAGTCCTTTATCAACATCTTTTT,,A346-1,,,,Lin Yen-po,S,M,,A,Pingtung County,,
972008,ABAAP198-08,BOLD:AAC6750,TPNU_A233-1,A233,"National Taiwan Normal University, Department of Life Science",18,Chordata,50,Amphibia,219,Anura,25169,Microhylidae,112135,Microhylinae,25170,Microhyla,195660,Microhyla fissipes,Lin Yen-Po,2006-07-23,23.617,120.479,,,Chiayi County,,Taiwan,2975931,COI-5P,,ACTCTTTACCTTATCTTTGGGGCCTGAGCCGGAATAGTAGGAACTGCCCTTAGCCTCCTAATCCGTGCAGAACTCAGCCAACCCGGCACTCTACTAGGTGATGATCAAATCTACAACGTCATTGTTACCGCCCACGCATTTGTAATAATTTTCTTTATAGTTATACCAATTATGATCGGCGGCTTTGGCAATTGACTTGTTCCACTAATAATTGGAGCCCCAGACATGGCATTCCCTCGAATAAATAACATAAGCTTCTGACTTCTCCCCCCCTCCTTTCTCCTCCTGCTAGCTTCTTCAGCAGTTGAAGCGGGCGCCGGAACTGGTTGAACAGTTTACCCCCCTTTAGCCGGTAATCTTGCTCACGCCGGCCCATCCGTAGACCTTACAATTTTTTCTCTGCATTTGGCTGGGGTCTCTTCAATTCTTGGAGCAATCAACTTTATTACTACTATTATTAACATAAAACCCCCATCAGTAACTCAATATCAAACACCTTTGTTCGTTTGGTCTGTTTTAATCACTGCAGTTCTTCTACTTCTTTCCCTCCCAGTTCTTGCCGCAGGTATTACTATGCTTCTAACTGATCGAAACTTGAATACCACCTTCTTTGACCCCGCAGGAGGAGGAGACCCAGTCCTCTATCAACATCTTTTC,,A233-1,,,,Lin Yen-po,S,M,,A,Jiayi County,,
972010,ABAAP200-08,BOLD:AAB9478,TPNU_A069-1,A069,"National Taiwan Normal University, Department of Life Science",18,Chordata,50,Amphibia,219,Anura,25169,Microhylidae,112135,Microhylinae,25170,Microhyla,25171,Microhyla heymonsi,Lin Yen-Po,2006-04-03,23.92,120.877,,,Nantou County,,Taiwan,2975938,COI-5P,,ACCCTTTACTTAATTTTTGGTGCCTGAGCTGGAATAGTGGGCACTGCCCTTAGTCTCCTAATTCGTGCGGAACTTAGCCAACCTGGCACTCTTTTAGGGGATGACCAAATTTATAATGTTATCGTTACTGCTCACGCATTTGTGATAATTTTCTTCATAGTTATACCAATTATAATTGGGGGTTTCGGTAACTGACTAGTTCCCTTAATAATTGGAGCCCCAGACATAGCATTTCCTCGAATAAATAACATAAGCTTTTGACTTCTCCCTCCATCATTCCTTTTACTCTTAGCCTCATCAGCCGTAGAAGCCGGGGCAGGAACAGGATGAACTGTTTATCCACCACTAGCTGGCAACCTCGCACATGCAGGCCCATCAGTAGATTTAACAATTTTTTCTCTTCATCTAGCCGGAGTCTCATCAATTTTAGGCGCAATTAATTTTATTACTACTATTATTAATATAAAACCCCCATCTGTCACTCAATACCAAACACCCCTCTTTGTGTGATCTGTTTTAATTACTGCAGTACTTCTTCTTCTATCCCTCCCTGTTCTTGCTGCTGGCATTACAATACTTTTAACTGACCGCAACCTAAATACAACATTTTTTGACCCTGCGGGGGGAGGAGACCCAGTCCTTTATCAACATCTTTTT,,A069-1,,,,Lin Yen-po,S,M,,A,Nantou County,,
972016,ABAAP206-08,BOLD:AAC6750,TPNU_A232-1,A232,"National Taiwan Normal University, Department of Life Science",18,Chordata,50,Amphibia,219,Anura,25169,Microhylidae,112135,Microhylinae,25170,Microhyla,195660,Microhyla fissipes,Lin Yen-Po,2006-07-23,23.617,120.479,,,Chiayi County,,Taiwan,2975929,COI-5P,,ACTCTTTACCTTATCTTTGGGGCCTGAGCCGGAATAGTAGGAACTGCCCTTAGCCTCCTAATCCGTGCAGAACTCAGCCAACCCGGCACTCTACTAGGTGATGATCAAATCTACAACGTCATTGTTACCGCCCACGCATTTGTAATAATTTTCTTTATAGTTATACCAATTATGATCGGCGGCTTTGGTAATTGACTTGTTCCACTAATAATTGGAGCCCCAGACATGGCATTCCCTCGAATAAATAACATAAGCTTCTGACTTCTCCCCCCCTCCTTTCTCCTCCTGCTAGCTTCTTCAGCAGTTGAAGCGGGCGCCGGAACTGGTTGAACAGTTTACCCCCCTTTAGCCGGTAATCTTGCTCACGCCGGCCCATCCGTAGACCTTACAATTTTTTCTCTACATTTGGCTGGGGTCTCTTCAATTCTTGGAGCAATCAACTTTATTACTACTATTATTAACATAAAACCCCCATCAGTAACTCAATACCAAACACCTTTGTTCGTTTGGTCTGTTTTAATCACTGCAGTTCTTCTACTTCTTTCCCTCCCAGTTCTTGCCGCAGGTATTACTATGCTTCTAACTGATCGAAACTTGAATACCACCTTCTTTGACCCCGCAGGAGGAGGAGACCCAGTCCTCTATCAACATCTTTTC,,A232-1,,,,Lin Yen-po,S,F,,A,Jiayi County,,
1299072,ABAAP216-09,BOLD:AAD5371,NAP-00996,NAP-00996,"Zoological Museum of Moscow University, Divsion of Herpetology",18,Chordata,50,Amphibia,219,Anura,1385,Ranidae,,,195633,Odorrana,271922,Odorrana swinhoana,,,,,,,,,,3475431,COI-5P,,ACGTTGTACCTAATCTTTGGCGCCTGGGCCGGAATAATCGGGACAGCCTTAAGCCTGCTAATTCGAGCAGAGCTTAGCCAACCCGGGACCTTGCTCGGCGACGACCAAATTTATAACGTAATCGTAACTGCCCACGCATTTGTAATAATCTTCTTTATAGTTATGCCTGTCTTGATCGGAGGCTTCGGCAACTGATTAATCCCTTTAATAATCGGGGCCCCTGACATAGCCTTCCCACGAATAAACAACATAAGCTTCTGACTGCTCCCACCCTCCTTCTTCCTCCTTTTAGCATCTTCTATAGTAGAAGCCGGAGCTGGCACAGGCTGAACCGTTTATCCCCCGCTAGCAGGAAACCTGGCCCATGCTGGCCCATCCGTAGACCTAGCCATCTTCTCCCTCCACCTGGCCGGAATTTCATCCATCCTCGGAGCCATTAACTTTATTACAACAATTATTAACATAAAACCTCCAGCCACTGCTCAGTACCAAACCCCCCTCTTTGTTTGATCTGTCTTAATCACCGCTATTCTTCTACTACTTTCTCTTCCCGTTTTAGCCGCCGGAATTACAATACTCCTGACTGACCGAAACCTTAACACCACCTTTTTTGACCCGGCAGGAGGCGGAGACCCAGTTCTATACCAACACCTG,,,,,,Nikolay Poyarkov,,,,,,,
1299073,ABAAP217-09,BOLD:AAD5371,NAP-00997,NAP-00997,"Zoological Museum of Moscow University, Divsion of Herpetology",18,Chordata,50,Amphibia,219,Anura,1385,Ranidae,,,195633,Odorrana,271922,Odorrana swinhoana,,,,,,,,,,3475432,COI-5P,,ACGTTGTACCTAATCTTTGGCGCCTGGGCCGGAATAATCGGGACAGCCTTAAGCCTGCTAATTCGAGCAGAGCTTAGCCAACCCGGGACCTTGCTCGGCGACGACCAAATTTATAACGTAATCGTAACTGCCCACGCATTTGTAATAATCTTCTTTATAGTTATGCCTGTCTTGATCGGAGGCTTCGGCAACTGATTAATCCCTTTAATAATCGGGGCCCCTGACATAGCCTTCCCACGAATAAACAACATAAGCTTCTGACTGCTCCCACCCTCCTTCTTCCTCCTTTTAGCATCTTCTATAGTAGAAGCCGGAGCTGGCACAGGCTGAACCGTTTATCCCCCGCTAGCAGGAAACCTGGCCCATGCTGGCCCATCCGTAGACCTAGCCATCTTCTCCCTCCACCTGGCCGGAATTTCATCCATCCTCGGAGCCATTAACTTTATTACAACAATTATTAACATAAAACCTCCAGCCACTGCTCAGTACCAAACCCCCCTCTTTGTTTGATCTGTCTTAATCACCGCTATTCTTCTACTACTTTCTCTTCCCGTTTTAGCCGCCGGAATTACAATACTCCTGACTGACCGAAACCTTAACACCACCTTTTTTGACCCGGCAGGAGGCGGAGACCCAGTTCTATACCAACACCTG,,,,,,Nikolay Poyarkov,,,,,,,
1299074,ABAAP218-09,BOLD:AAD5371,NAP-00998,NAP-00998,"Zoological Museum of Moscow University, Divsion of Herpetology",18,Chordata,50,Amphibia,219,Anura,1385,Ranidae,,,195633,Odorrana,271922,Odorrana swinhoana,,,,,,,,,,3475433,COI-5P,,ACGTTGTACCTAATCTTTGGCGCCTGGGCCGGAATAATCGGGACAGCCTTAAGCCTGCTAATTCGAGCAGAGCTTAGCCAACCCGGGACCTTGCTCGGCGACGACCAAATTTATAACGTAATCGTAACTGCCCACGCATTTGTAATAATCTTCTTTATAGTTATGCCTGTCTTGATCGGAGGCTTCGGCAACTGATTAATCCCTTTAATAATCGGGGCCCCTGACATAGCCTTCCCACGAATAAACAACATAAGCTTCTGACTGCTCCCACCCTCCTTCTTCCTCCTTTTAGCATCTTCTATAGTAGAAGCCGGAGCTGGCACAGGCTGAACCGTTTATCCCCCGCTAGCAGGAAACCTGGCCCATGCTGGCCCATCCGTAGACCTAGCCATCTTCTCCCTCCACCTGGCCGGAATTTCATCCATCCTCGGAGCCATTAACTTTATTACAACAATTATTAACATAAAACCTCCAGCCACTGCTCAGTACCAAACCCCCCTCTTTGTTTGATCTGTCTTAATCACCGCTATTCTTCTACTACTTTCTCTTCCCGTTTTAGCCGCCGGAATTACAATACTCCTGACTGACCGAAACCTTAACACCACCTTTTTTGACCCGGCAGGAGGCGGAGACCCAGTTCTATACCAACACCTG,,,,,,Nikolay Poyarkov,,,,,,,
1299075,ABAAP219-09,BOLD:AAD5371,NAP-00999,NAP-00999,"Zoological Museum of Moscow University, Divsion of Herpetology",18,Chordata,50,Amphibia,219,Anura,1385,Ranidae,,,195633,Odorrana,271922,Odorrana swinhoana,,,,,,,,,,3475434,COI-5P,,ACGTTGTACCTAATCTTTGGCGCCTGGGCCGGAATAATCGGGACAGCCTTAAGCCTGCTAATTCGAGCAGAGCTTAGCCAACCCGGGACCTTGCTCGGCGACGACCAAATTTATAACGTAATCGTAACTGCCCACGCATTTGTAATAATCTTCTTTATAGTTATGCCTGTCTTGATCGGAGGCTTCGGCAACTGATTAATCCCTTTAATAATCGGGGCCCCTGACATAGCCTTCCCACGAATAAACAACATAAGCTTCTGACTGCTCCCACCCTCCTTCTTCCTCCTTTTAGCATCTTCTATAGTAGAAGCCGGAGCTGGCACAGGCTGAACCGTTTATCCCCCGCTAGCAGGAAACCTGGCCCATGCTGGCCCATCCGTAGACCTAGCCATCTTCTCCCTCCACCTGGCCGGAATTTCATCCATCCTCGGAGCCATTAACTTTATTACAACAATTATTAACATAAAACCTCCAGCCACTGCTCAGTACCAAACCCCCCTCTTTGTTTGATCTGTCTTAATCACCGCTATTCTTCTACTACTTTCTCTTCCCGTTTTAGCCGCCGGAATTACAATACTCCTGACTGACCGAAACCTTAACACCACCTTTTTTGACCCGGCAGGAGGCGGAGACCCAGTTCTATACCAACACCTG,,,,,,Nikolay Poyarkov,,,,,,,
1299078,ABAAP222-09,BOLD:AAC6750,NAP-01043,NAP-01043,"Zoological Museum of Moscow University, Divsion of Herpetology",18,Chordata,50,Amphibia,219,Anura,25169,Microhylidae,112135,Microhylinae,25170,Microhyla,195660,Microhyla fissipes,,,,,,,,,,3475437,COI-5P,,ACTCTTTACCTCATCTTTGGGGCCTGAGCCGGAATAGTAGGAACTGCCCTTAGCCTCCTAATCCGTGCAGAACTCAGCCAACCCGGCACTCTACTAGGTGATGATCAAATCTACAACGTCATTGTTACCGCCCACGCATTTGTAATAATTTTCTTTATAGTTATACCAATTATGATCGGCGGCTTTGGTAATTGACTTGTTCCACTAATAATTGGAGCCCCGGACATGGCATTCCCTCGAATAAATAACATAAGCTTCTGACTTCTCCCCCCCTCCTTTCTCCTCCTGCTAGCTTCTTCAGCAGTTGAAGCGGGCGCCGGAACTGGTTGAACAGTTTACCCCCCTTTAGCCGGTAATCTTGCTCACGCCGGCCCATCCGTAGACCTTACAATTTTTTCTCTACATTTGGCTGGGGTCTCTTCAATTCTTGGAGCAATCAACTTTATTACTACTATTATTAACATAAAACCCCCATCAGTAACTCAATATCAAACACCTTTGTTCGTTTGGTCTGTTTTAATCACTGCAGTTCTTCTACTTCTTTCCCTCCCAGTTCTTGCCGCAGGTATTACTATGCTTCTAACTGATCGAAACTTGAATACCACCTTCTTTGACCCCGCAGGAGGAGGAGACCCAGTCCTCTATCAACATCTT,,,,,,Nikolay Poyarkov,,,,,,,
1299079,ABAAP223-09,BOLD:AAC6750,NAP-01044,NAP-01044,"Zoological Museum of Moscow University, Divsion of Herpetology",18,Chordata,50,Amphibia,219,Anura,25169,Microhylidae,112135,Microhylinae,25170,Microhyla,195660,Microhyla fissipes,,,,,,,,,,3475438,COI-5P,,ACTCTTTACCTTATCTTTGGGGCCTGAGCCGGAATAGTAGGAACTGCCCTTAGCCTCCTAATCCGTGCAGAACTCAGCCAACCCGGCACTCTACTAGGTGATGATCAAATCTACAACGTCATTGTTACCGCCCACGCATTTGTAATAATTTTCTTTATAGTTATACCAATTATGATCGGCGGCTTTGGTAATTGACTTGTTCCACTAATAATTGGAGCCCCAGACATGGCATTCCCTCGAATAAATAACATAAGCTTCTGACTTCTCCCCCCCTCCTTTCTCCTCCTGCTAGCTTCTTCAGCAGTTGAAGCAGGCGCCGGAACTGGTTGAACAGTTTACCCCCCTTTAGCCGGTAATCTTGCTCACGCCGGCCCATCCGTAGACCTTACAATTTTTTCTCTACATTTGGCTGGGGTCTCTTCAATTCTTGGAGCAATCAACTTTATTACTACTATTATTAACATAAAACCCCCATCAGTAACTCAATATCAAACACCTTTGTTCGTTTGGTCTGTTTTAATCACTGCAGTTCTTCTACTTCTTTCCCTCCCAGTTCTTGCCGCAGGTATTACTATGCTTCTAACTGATCGAAACTTGAATACCACCTTCTTTGACCCCGCAGGAGGAGGAGACCCAGTCCTCTATCAACATCTT,,,,,,Nikolay Poyarkov,,,,,,,
1299080,ABAAP224-09,BOLD:AAC6750,NAP-01045,NAP-01045,"Zoological Museum of Moscow University, Divsion of Herpetology",18,Chordata,50,Amphibia,219,Anura,25169,Microhylidae,112135,Microhylinae,25170,Microhyla,195660,Microhyla fissipes,,,,,,,,,,3475439,COI-5P,,ACTCTTTACCTTATCTTTGGGGCCTGAGCCGGAATAGTAGGAACTGCCCTTAGCCTCCTAATCCGTGCAGAACTCAGCCAACCCGGCACTCTACTAGGTGATGATCAAATCTACAACGTCATTGTTACCGCCCACGCATTTGTAATAATTTTCTTTATAGTTATACCAATTATGATCGGCGGCTTTGGTAATTGACTTGTTCCACTAATAATTGGAGCCCCAGACATGGCATTCCCTCGAATAAATAACATAAGCTTCTGACTTCTCCCCCCCTCCTTTCTCCTCCTGCTAGCTTCTTCAGCAGTTGAAGCAGGCGCCGGAACTGGTTGAACAGTTTACCCCCCTTTAGCCGGTAATCTTGCTCACGCCGGCCCATCCGTAGACCTTACAATTTTTTCTCTACATTTGGCTGGGGTCTCTTCAATTCTTGGAGCAATCAACTTTATTACTACTATTATTAACATAAAACCCCCATCAGTAACTCAATATCAAACACCTTTGTTCGTTTGGTCTGTTTTAATCACTGCAGTTCTTCTACTTCTTTCCCTCCCAGTTCTTGCCGCAGGTATTACTATGCTTCTAACTGATCGAAACTTGAATACCACCTTCTTTGACCCCGCAGGAGGAGGAGACCCAGTCCTCTATCAACATCTT,,,,,,Nikolay Poyarkov,,,,,,,
1299096,ABAAP240-09,BOLD:AAD5371,NAP-00952,NAP-00952,"Zoological Museum of Moscow University, Divsion of Herpetology",18,Chordata,50,Amphibia,219,Anura,1385,Ranidae,,,195633,Odorrana,271922,Odorrana swinhoana,,,,,,,,,,3476330,COI-5P,,---------------------------------------------------------------------------------------------------------------------------------------------------------------------------------------ATAATCGGGGCCCCTGACATAGCCTTCCCACGAATAAACAACATAAGCTTCTGACTGCTCCCACCCTCCTTCTTCCTCCTTTTAGCATCTTCTATAGTAGAAGCCGGAGCTGGCACAGGCTGAACCGTTTATCCCCCGCTAGCAGGAAACCTGGCCCATGCTGGCCCATCCGTAGACCTAGCCATCTTCTCCCTCCACCTGGCCGGAATTTCATCCATCCTCGGAGCCATTAACTTTATTACAACAATTATTAACATAAAACCTCCAGCCACTGCTCAGTACCAAACCCCCCTCTTTGTTTGATCTGTCTTAATCACCGCTATTCTTCTACTACTTTCTCTTCCCGTTTTAGCCGCCGGAATTACAATACTCCTGACTGACCGAAACCTTAACACCACCTTTTTTGACCCGGCAGGAGGCGGAGACCCAGTTCTATACCAACACCTGTTC,,,,,,Nikolay Poyarkov,,,,,,,
1299105,ABAAP249-09,BOLD:AAE4079,NAP-00912,NAP-00912,"Zoological Museum of Moscow University, Divsion of Herpetology",18,Chordata,50,Amphibia,219,Anura,1382,Rhacophoridae,191379,Rhacophorinae,25165,Polypedates,25166,Polypedates megacephalus,,,,,,,,,,3700196,COI-5P,,------GGCATGATCGGCACCGCCCTGAGTCTGCTAATTCGCGCTGAATTGTCTCAACCCGGCACCCTGCTTGGCGACGACCAGATCTATAATGTCATTGTTACTGCCCATGCGTTTGTAATAATTTTCTTTATGGTTATACCAATTCTTATTGGTGGCTTCGGCAATTGGCTTGTCCCACTAATGCTTGGCGCCCCAGACATGGCTTTCCCGCGAATGAACAACATAAGTTTCTGGCTTCTCCCGCCATCATTCTTTCTACTCCTGGCCTCCTCAACTGTAGAGGCTGGCGTCGGCACAGGGTGAACAGTATATCCTCCACTAGCTGGGAATCTGGCCCATGCAGGCCCATCCGTTGACTTAGCCATTTTTTCCCTACACTTGGCTGGGGTATCGTCTATTTTAGGTGCCATCAACTTCATTACAACTATTTTAAACATAAAACCAGCTTCGCTAACACAATATCAAACTCCCCTATTTATTTGATCTGTTCTTATTACTGCTGTTTTGCTTCTTCTTTCGCTCCCAGTACTAGCTGCAGGTATTACAATACTTCTTACTGACCGCAATTTAAACACAACTTTCTTTGATCCCGCGGGGGGCGGCGACCCAGTTCTTTATCAGCATTTGTTT,,,,,,Nikolay Poyarkov,,,,,,,
1299157,ABAAP301-09,BOLD:AAD5372,NAP-01102,NAP-01102,"Zoological Museum of Moscow University, Divsion of Herpetology",18,Chordata,50,Amphibia,219,Anura,1385,Ranidae,,,195633,Odorrana,271922,Odorrana swinhoana,,,,,,,,,,3476323,COI-5P,,ACATTGTACCTAATCTTTGGCGCCTGGGCCGGAATAATCGGGACAGCCTTAAGCCTGCTAATTCGAGCAGAGCTTAGCCAACCCGGGACCTTGCTCGGCGACGACCAAATTTATAACGTAATCGTAACTGCCCACGCATTTGTAATAATCTTCTTTATGGTTATGCCTGTCTTGATCGGAGGCTTTGGCAACTGGTTGATCCCTTTAATAATCGGAGCCCCTGACATAGCCTTCCCACGAATAAACAACATAAGCTTCTGACTGCTCCCGCCCTCCTTCTTCCTCCTTTTAGCATCTTCTATAGTAGAAGCCGGAGCTGGCACAGGCTGAACCGTTTATCCCCCCCTAGCAGGAAACCTGGCCCATGCTGGCCCATCCGTAGACCTAGCCATCTTCTCCCTCCATCTGGCCGGAATTTCATCCATCCTCGGAGCCATTAACTTTATTACAACAATTATTAATATAAAACCTCCAGCCACTGCCCAGTACCAAACCCCTCTCTTTGTTTGATCTGTTTTAATCACCGCTATTCTTCTACTACTTTCTCTTCCCGTTTTAGCCGCTGGAATTACAATACTTCTGACTGACCGAAACCTTAACACCACCTTTTTTGACCCAGCAGGAGGCGGAGACCCAGTTCTATACCAACACCTGTTC,,,,,,Nikolay Poyarkov,,,,,,,
1299194,ABAAP338-09,BOLD:AAD9215,LSM-00004,LSM-00004,"Zoological Museum of Moscow University, Divsion of Herpetology",18,Chordata,50,Amphibia,219,Anura,1384,Bufonidae,,,4294,Bufo,271940,Bufo bankorensis,,,,,,,,,,3476328,COI-5P,,ACTCTATATCTTATTTTTGGGGCCTGAGCAGGGATAGTAGGAACTGCCCTTAGCCTCCTTATCCGAGCTGAGCTGAGTCAACCCGGCTCCCTCTTGGGCGATGATCAGATTTATAATGTCATTGTTACCGCCCACGCCTTCGTCATAATTTTCTTTATGGTCATGCCCATCCTAATCGGAGGCTTCGGTAACTGACTTGTCCCCCTGATAATTGGGGCCCCTGACATAGCCTTCCCCCGAATGAACAACATAAGCTTTTGATTACTCCCCCCGTCATTTCTACTCCTCTTGGCATCCGCCGGAGTCGAAGCAGGGGCAGGAACCGGCTGAACTGTATACCCCCCTCTGGCTGGGAACCTTGCACACGCAGGCCCATCAGTCGACTTAACCATTTTTTCCCTCCACCTTGCGGGTGTGTCATCTATCCTAGGCGCAATTAATTTTATTACAACAACCCTTAACATGAAGCCACCATCAATGACTCAATACCAAACACCCTTATTTGTGTGATCCGTCTTGATTACTGCTGTTTTACTCCTACTCTCCCTGCCAGTCCTCGCTGCAGGAATCACTATACTCCTCACTGACCGAAACCTAAACACAACATTCTTTGACCCTGCTGGCGGAGGCGACCCCATCCTCTATCAACACCTCTTT,,,,,,Nikolay Poyarkov,,,,,,,
815182,ABBID001-08,BOLD:AAI8031,MZB M26934,SL05037,"Cibinong Science Centre, Museum Zoologicum Bogoriense",18,Chordata,62,Mammalia,329,Chiroptera,1027,Vespertilionidae,98595,Kerivoulinae,3180,Kerivoula,107854,Kerivoula krauensis,Matthew Struebig,,,,,,Kelai district of Berau,Sungai Lesan Protection Forest,Indonesia,2634138,COI-5P,KU146863,ACCCTATATCTACTATTTGGTGCTTGAGCAGGCATAGTGGGAACCGCACTGAGCTTACTAATTCGAGCTGAATTAGGTCAACCAGGAGCACTTCTGGGAGATGACCAGATTTATAATGTCATCGTAACAGCTCATGCCTTCGTAATAATTTTCTTTATAGTAATACCTATTATGATTGGAGGCTTTGGAAACTGATTAGTACCACTAATAATTGGAGCCCCAGACATGGCCTTTCCACGAATAAATAACATAAGCTTTTGACTCCTGCCCCCTTCCTTCCTATTACTTCTGGCCTCATCTATAGTTGAAGCAGGAGTCGGCACTGGCTGAACTGTCTATCCCCCCTTAGCAGGAAATCTAGCCCACGCAGGAGCTTCCGTCGACCTCGCCATTTTCTCTCTGCACCTAGCAGGTGTCTCCTCAATCCTAGGGGCTATCAACTTTATTACCACTATCATTAATATAAAACCCCCTGCTCTCTCTCAATATCAAACTCCATTATTTGTATGATCAGTCTTAATTACAGCAGTGCTTCTTCTATTATCTCTCCCCGTACTCGCCGCAGGAATTACAATACTACTAACAGATCGAAACCTAAACACCACATTCTTTGACCCTGCTGGAGGAGGAGATCCAATCCTGTATCAACACCTGTTC,<![CDATA[Skull/external measurements and fur colouration resemble K. krauensis]]>,MZB M26934,Vouchered:Registered Collection,,,Matthew J. Struebig,S,M,K. krauensis,,Kalimantan Timur,,
1129898,ABBID024-09,BOLD:AAE6670,B01_bs22,bs22,"Cibinong Science Centre, Museum Zoologicum Bogoriense",18,Chordata,62,Mammalia,329,Chiroptera,1027,Vespertilionidae,70840,Murininae,3181,Murina,12258,Murina aenea,"Matthew Struebig, Ibnu Maryanto",2009-03-01,0.086,114.884,,,Kabupaten Murung Raya,Sg Lampunut,Indonesia,3268064,COI-5P,,ACTTTATACCTACTATTTGGTGCCTGAGCTGGTATAGTAGGCACTGCGCTAAGTCTAATAATCCGTGCTGAATTAGGCCAACCTGGAGCCTTACTAGGAGATGATCAGATCTACAACGTGGTTGTTACTGCCCATGCTTTCGTAATAATTTTCTTCATAGTTATGCCCATCATGATTGGGGGCTTTGGAAACTGATTAGTTCCCCTAATAATTGGAGCACCCGATATAGCTTTTCCTCGTATGAATAATATGAGTTTCTGACTACTCCCTCCCTCCTTCCTATTATTATTAGCCTCATCTATGGTTGAGGCAGGCGTGGGAACAGGTTGAACAGTCTACCCCCCTCTGGCTGGAAATCTTGCTCATGCCGGGGCTTCTGTTGACCTTGCTATTTTTTCTCTACACCTAGCAGGGGTGTCATCCATCCTAGGTGCCATTAACTTTATTACCACTATCATCAACATAAAACCCCCTGCACTCTCTCAATACCAAACACCTCTGTTCGTTTGATCTGTCCTAATTACAGCCGTATTACTCTTACTTTCTCTGCCAGTGCTTGCTGCAGGAATCACCATGCTCCTTACTGATCGAAATCTTAACACTACTTTTTTTGATCCTGCTGGAGGAGGAGACCCTATTTTATATCAACACCTATTC,,MZB_30648,,,,Matthew J. Struebig,,M,,,Kalimantan Tengah,,
1129899,ABBID025-09,BOLD:AAE0001,B02_bs47,bs47,"Cibinong Science Centre, Museum Zoologicum Bogoriense",18,Chordata,62,Mammalia,329,Chiroptera,1027,Vespertilionidae,70840,Murininae,3181,Murina,12259,Murina suilla,"Matthew Struebig, Ibnu Maryanto",2009-03-01,0.086,114.884,,,Kabupaten Murung Raya,Sg Lampunut,Indonesia,3268063,COI-5P,,ACCTTATACCTATTATTCGGTGCTTGAGCCGGTATAGTAGGTACCGCGTTAAGCCTAATAATTCGTGCTGAGCTAGGACAACCAGGAGCTCTGCTAGGAGATGATCAAATCTACAATGTAGTTGTTACTGCTCATGCTTTCGTAATAATTTTCTTTATAGTAATACCGATTATAATTGGAGGCTTTGGAAATTGATTAGTCCCACTAATAATTGGAGCACCCGATATAGCTTTCCCTCGTATAAACAATATAAGCTTTTGACTGCTCCCTCCCTCTTTCCTGTTACTACTGGCCTCATCTATAGTTGAAGCAGGTGTAGGGACTGGTTGAACAGTCTACCCACCTCTAGCTGGCAACCTCGCTCATGCCGGGGCTTCTGTTGATCTTGCTATCTTCTCTTTGCATTTAGCTGGGGTATCCTCAATCCTAGGTGCTATCAACTTTATTACTACTATTATTAATATAAAACCCCCTGCGTTATCCCAATACCAAACACCTCTGTTTGTATGATCAGTCTTAATCACAGCTGTACTACTTCTTCTGTCCCTACCCGTACTTGCAGCAGGTATCACAATACTCCTTACTGATCGAAATCTAAATACAACCTTCTTTGACCCTGCCGGTGGAGGAGACCCCATCCTGTATCAACATCTATTC,,MZB_30643,,,,Matthew J. Struebig,,F,,,Kalimantan Tengah,,
1129904,ABBID030-09,BOLD:AAD5076,B07_mw252,mw252,"Cibinong Science Centre, Museum Zoologicum Bogoriense",18,Chordata,62,Mammalia,313,Rodentia,1020,Muridae,3159,Murinae,73555,Sundamys,213421,Sundamys sp.,Ibnu Maryanto,2006-05-01,0.362,115.517,,,Kabupaten Murung Raya,Dempar,Indonesia,3268050,COI-5P,,ACCCTTTATTTACTATTCGGGGCTTGAGCAGGGATAGTAGGTACAGCCTTAAGTATTTTAATTCGAGCCGAATTAGGACAACCAGGCGCACTACTAGGTGACGATCAGATCTATAATGTCATCGTTACAGCCCATGCATTCGTAATAATTTTCTTTATAGTAATACCTATAATAATTGGAGGCTTCGGAAATTGACTTGTACCACTAATAATTGGAGCCCCTGATATGGCATTTCCACGAATAAATAATATAAGCTTTTGACTACTTCCCCCATCATTTCTTCTCCTTCTAGCATCATCTATGGTAGAGGCCGGAGCCGGCACAGGATGAACAGTATATCCACCTCTAGCAGGAAATTTAGCCCATGCTGGAGCATCAGTAGACTTAACTATCTTCTCCCTCCATCTGGCTGGTGTATCCTCTATTTTAGGGGCTATTAACTTTATTACCACTATTATTAACATAAAACCTCCTGCTATAACTCAATACCAAACACCTCTCTTTGTATGATCAGTACTAATTACTGCTGTACTACTTCTACTCTCACTACCAGTATTAGCAGCAGGCATCACTATACTTCTCACAGATCGAAACCTAAACACTACTTTCTTTGACCCTGCTGGAGGAGGAGACCCAATTCTCTATCAAC--------,,MZB_29130,,,,Ibnu Maryanto,,,Considered to represent a new species,,Kalimantan Tengah,,
1129907,ABBID033-09,BOLD:ABX6230,B10_BB04,BB04,"Cibinong Science Centre, Museum Zoologicum Bogoriense",18,Chordata,62,Mammalia,329,Chiroptera,64485,Hipposideridae,,,6962,Hipposideros,12135,Hipposideros ater,"Matthew Struebig, Ibnu Maryanto",2009-03-01,0.063,114.371,,,Kabupaten Murung Raya,Bumbun,Indonesia,3268121,COI-5P,,ACCCTATACCTCCTATTCGGTGCTTGAGCAGGAATAGTAGGAACCGCCCTAAGCCTTCTAATCCGCGCCGAATTAGGCCAACCAGGTGCGCTTCTAGGAGATGACCAAACCTACAACGTAATTGTCACCGCCCATGCCTTCGTAATAATCTTCTTTATAGTCATGCCAATCATGATCGGTGGTTTCGGTAACTGATTAGTCCCCCTGATAATTGGCGCACCTGACATGGCATTCCCACGAATAAATAATATAAGCTTCTGACTTCTACCCCCCTCATTTTTACTACTTTTAGCCTCCTCAATAGTGGAGGCCGGAGCTGGAACTGGTTGAACCGTATATCCCCCTCTAGCAGGTAACCTAGCACACGCAGGAGCTTCCGTAGACTTAACTATTTTCTCCCTACATCTGGCGGGTGTTTCTTCCATTCTAGGGGCTATCAATTTTATTACTACTATCATTAACATAAAACCCCCAGCCCTATCTCAATACCAAACACCCTTATTTGTATGATCAGTGCTAATTACCGCTGTTCTCCTACTCCTCTCACTCCCTGTCCTAGCAGCAGGAATTACCATACTATTAACTGACCGAAACCTAAACACTACTTTCTTTGACCCTGCTGGAGGGGGAGACCCCATCCTTTACCAACACTTATTC,<![CDATA[Resembles the H.ater (MZB 26343) submitted to barcoding in 2008.]]>,MZB_31933,,,,Matthew J. Struebig,,,,,Kalimantan Tengah,,
